----------------
IN: 
0xfffffff0:  ea 5b e0 00 f0           ljmpw    $0xf000:$0xe05b

----------------
IN: 
0x000fe05b:  2e 66 83 3e 68 62 00     cmpl     $0, %cs:0x6268
0x000fe062:  0f 85 4d f0              jne      0xfd0b3

----------------
IN: 
0x000fe066:  31 d2                    xorw     %dx, %dx
0x000fe068:  8e d2                    movw     %dx, %ss

----------------
IN: 
0x000fe06a:  66 bc 00 70 00 00        movl     $0x7000, %esp

----------------
IN: 
0x000fe070:  66 ba 0e 07 0f 00        movl     $0xf070e, %edx
0x000fe076:  e9 b7 ee                 jmp      0xfcf30

----------------
IN: 
0x000fcf30:  fa                       cli      
0x000fcf31:  fc                       cld      
0x000fcf32:  66 89 c1                 movl     %eax, %ecx
0x000fcf35:  66 b8 8f 00 00 00        movl     $0x8f, %eax
0x000fcf3b:  e6 70                    outb     %al, $0x70

----------------
IN: 
0x000fcf3d:  e4 71                    inb      $0x71, %al

----------------
IN: 
0x000fcf3f:  e4 92                    inb      $0x92, %al

----------------
IN: 
0x000fcf41:  0c 02                    orb      $2, %al
0x000fcf43:  e6 92                    outb     %al, $0x92

----------------
IN: 
0x000fcf45:  66 89 c8                 movl     %ecx, %eax
0x000fcf48:  2e 0f 01 1e 58 62        lidtw    %cs:0x6258
0x000fcf4e:  2e 0f 01 16 18 62        lgdtw    %cs:0x6218
0x000fcf54:  0f 20 c1                 movl     %cr0, %ecx
0x000fcf57:  66 81 e1 ff ff ff 1f     andl     $0x1fffffff, %ecx
0x000fcf5e:  66 83 c9 01              orl      $1, %ecx
0x000fcf62:  0f 22 c1                 movl     %ecx, %cr0

----------------
IN: 
0x000fcf65:  66 ea 6d cf 0f 00 08 00  ljmpl    $0x8:$0xfcf6d

----------------
IN: 
0x000fcf6d:  b9 10 00 00 00           movl     $0x10, %ecx
0x000fcf72:  8e d9                    movl     %ecx, %ds

----------------
IN: 
0x000fcf74:  8e c1                    movl     %ecx, %es

----------------
IN: 
0x000fcf76:  8e d1                    movl     %ecx, %ss

----------------
IN: 
0x000fcf78:  8e e1                    movl     %ecx, %fs

----------------
IN: 
0x000fcf7a:  8e e9                    movl     %ecx, %gs
0x000fcf7c:  ff e2                    jmpl     *%edx

----------------
IN: 
0x000f070e:  53                       pushl    %ebx
0x000f070f:  83 ec 20                 subl     $0x20, %esp
0x000f0712:  e8 1e c8 ff ff           calll    0xecf35

----------------
IN: 
0x000ecf35:  68 c0 4a 0f 00           pushl    $0xf4ac0
0x000ecf3a:  68 53 0f 0f 00           pushl    $0xf0f53
0x000ecf3f:  e8 de ff ff ff           calll    0xecf22

----------------
IN: 
0x000ecf22:  8d 4c 24 08              leal     8(%esp), %ecx
0x000ecf26:  8b 54 24 04              movl     4(%esp), %edx
0x000ecf2a:  b8 48 4a 0f 00           movl     $0xf4a48, %eax
0x000ecf2f:  e8 a6 f7 ff ff           calll    0xec6da

----------------
IN: 
0x000ec6da:  55                       pushl    %ebp
0x000ec6db:  57                       pushl    %edi
0x000ec6dc:  56                       pushl    %esi
0x000ec6dd:  53                       pushl    %ebx
0x000ec6de:  83 ec 08                 subl     $8, %esp
0x000ec6e1:  89 c5                    movl     %eax, %ebp
0x000ec6e3:  89 d7                    movl     %edx, %edi
0x000ec6e5:  89 cb                    movl     %ecx, %ebx
0x000ec6e7:  0f be 17                 movsbl   (%edi), %edx
0x000ec6ea:  84 d2                    testb    %dl, %dl
0x000ec6ec:  0f 84 41 02 00 00        je       0xec933

----------------
IN: 
0x000ec6f2:  80 fa 25                 cmpb     $0x25, %dl
0x000ec6f5:  0f 85 23 02 00 00        jne      0xec91e

----------------
IN: 
0x000ec91e:  89 e8                    movl     %ebp, %eax
0x000ec920:  e8 76 d9 ff ff           calll    0xea29b

----------------
IN: 
0x000ea29b:  0f be d2                 movsbl   %dl, %edx
0x000ea29e:  ff 20                    jmpl     *(%eax)

----------------
IN: 
0x000ebd7c:  88 d0                    movb     %dl, %al
0x000ebd7e:  66 8b 15 d4 60 0f 00     movw     0xf60d4, %dx
0x000ebd85:  66 85 d2                 testw    %dx, %dx
0x000ebd88:  74 01                    je       0xebd8b

----------------
IN: 
0x000ebd8a:  ee                       outb     %al, %dx

----------------
IN: 
0x000ebd8b:  c3                       retl     

----------------
IN: 
0x000ec925:  89 fe                    movl     %edi, %esi
0x000ec927:  eb 02                    jmp      0xec92b

----------------
IN: 
0x000ec92b:  8d 7e 01                 leal     1(%esi), %edi
0x000ec92e:  e9 b4 fd ff ff           jmp      0xec6e7

----------------
IN: 
0x000ec6e7:  0f be 17                 movsbl   (%edi), %edx
0x000ec6ea:  84 d2                    testb    %dl, %dl
0x000ec6ec:  0f 84 41 02 00 00        je       0xec933

----------------
IN: 
0x000ec6fb:  8d 77 01                 leal     1(%edi), %esi
0x000ec6fe:  c6 04 24 20              movb     $0x20, (%esp)
0x000ec702:  31 c9                    xorl     %ecx, %ecx
0x000ec704:  0f b6 06                 movzbl   (%esi), %eax
0x000ec707:  8d 50 d0                 leal     -0x30(%eax), %edx
0x000ec70a:  80 fa 09                 cmpb     $9, %dl
0x000ec70d:  77 1a                    ja       0xec729

----------------
IN: 
0x000ec729:  31 d2                    xorl     %edx, %edx
0x000ec72b:  3c 6c                    cmpb     $0x6c, %al
0x000ec72d:  75 12                    jne      0xec741

----------------
IN: 
0x000ec741:  3c 64                    cmpb     $0x64, %al
0x000ec743:  74 68                    je       0xec7ad

----------------
IN: 
0x000ec745:  7f 42                    jg       0xec789

----------------
IN: 
0x000ec789:  3c 73                    cmpb     $0x73, %al
0x000ec78b:  0f 84 72 01 00 00        je       0xec903

----------------
IN: 
0x000ec903:  8d 7b 04                 leal     4(%ebx), %edi
0x000ec906:  8b 1b                    movl     (%ebx), %ebx
0x000ec908:  0f be 13                 movsbl   (%ebx), %edx
0x000ec90b:  84 d2                    testb    %dl, %dl
0x000ec90d:  74 1a                    je       0xec929

----------------
IN: 
0x000ec90f:  89 e8                    movl     %ebp, %eax
0x000ec911:  e8 85 d9 ff ff           calll    0xea29b

----------------
IN: 
0x000ec916:  43                       incl     %ebx
0x000ec917:  eb ef                    jmp      0xec908

----------------
IN: 
0x000ec908:  0f be 13                 movsbl   (%ebx), %edx
0x000ec90b:  84 d2                    testb    %dl, %dl
0x000ec90d:  74 1a                    je       0xec929

----------------
IN: 
0x000ec929:  89 fb                    movl     %edi, %ebx
0x000ec92b:  8d 7e 01                 leal     1(%esi), %edi
0x000ec92e:  e9 b4 fd ff ff           jmp      0xec6e7

----------------
IN: 
0x000ec933:  83 c4 08                 addl     $8, %esp
0x000ec936:  5b                       popl     %ebx
0x000ec937:  5e                       popl     %esi
0x000ec938:  5f                       popl     %edi
0x000ec939:  5d                       popl     %ebp
0x000ec93a:  c3                       retl     

----------------
IN: 
0x000ecf34:  c3                       retl     

----------------
IN: 
0x000ecf44:  68 60 4a 0f 00           pushl    $0xf4a60
0x000ecf49:  68 69 0f 0f 00           pushl    $0xf0f69
0x000ecf4e:  e8 cf ff ff ff           calll    0xecf22

----------------
IN: 
0x000ecf53:  83 c4 10                 addl     $0x10, %esp
0x000ecf56:  c3                       retl     

----------------
IN: 
0x000f0717:  bb 00 00 00 40           movl     $0x40000000, %ebx
0x000f071c:  8d 4c 24 04              leal     4(%esp), %ecx
0x000f0720:  89 e2                    movl     %esp, %edx
0x000f0722:  8d 44 24 0c              leal     0xc(%esp), %eax
0x000f0726:  50                       pushl    %eax
0x000f0727:  8d 44 24 0c              leal     0xc(%esp), %eax
0x000f072b:  50                       pushl    %eax
0x000f072c:  89 d8                    movl     %ebx, %eax
0x000f072e:  e8 bd 9e ff ff           calll    0xea5f0

----------------
IN: 
0x000ea5f0:  55                       pushl    %ebp
0x000ea5f1:  57                       pushl    %edi
0x000ea5f2:  56                       pushl    %esi
0x000ea5f3:  53                       pushl    %ebx
0x000ea5f4:  89 d6                    movl     %edx, %esi
0x000ea5f6:  89 cf                    movl     %ecx, %edi
0x000ea5f8:  8b 6c 24 14              movl     0x14(%esp), %ebp
0x000ea5fc:  9c                       pushfl   
0x000ea5fd:  59                       popl     %ecx
0x000ea5fe:  89 ca                    movl     %ecx, %edx
0x000ea600:  81 f2 00 00 20 00        xorl     $0x200000, %edx
0x000ea606:  52                       pushl    %edx
0x000ea607:  9d                       popfl    

----------------
IN: 
0x000ea608:  9c                       pushfl   
0x000ea609:  5a                       popl     %edx
0x000ea60a:  51                       pushl    %ecx
0x000ea60b:  9d                       popfl    

----------------
IN: 
0x000ea60c:  31 ca                    xorl     %ecx, %edx
0x000ea60e:  0f ba e2 15              btl      $0x15, %edx
0x000ea612:  72 11                    jb       0xea625

----------------
IN: 
0x000ea625:  0f a2                    cpuid    
0x000ea627:  89 06                    movl     %eax, (%esi)
0x000ea629:  89 1f                    movl     %ebx, (%edi)
0x000ea62b:  89 4d 00                 movl     %ecx, (%ebp)
0x000ea62e:  8b 44 24 18              movl     0x18(%esp), %eax
0x000ea632:  89 10                    movl     %edx, (%eax)
0x000ea634:  5b                       popl     %ebx
0x000ea635:  5e                       popl     %esi
0x000ea636:  5f                       popl     %edi
0x000ea637:  5d                       popl     %ebp
0x000ea638:  c3                       retl     

----------------
IN: 
0x000f0733:  8b 44 24 0c              movl     0xc(%esp), %eax
0x000f0737:  89 44 24 1b              movl     %eax, 0x1b(%esp)
0x000f073b:  8b 44 24 10              movl     0x10(%esp), %eax
0x000f073f:  89 44 24 1f              movl     %eax, 0x1f(%esp)
0x000f0743:  8b 44 24 14              movl     0x14(%esp), %eax
0x000f0747:  89 44 24 23              movl     %eax, 0x23(%esp)
0x000f074b:  c6 44 24 27 00           movb     $0, 0x27(%esp)
0x000f0750:  8d 44 24 1b              leal     0x1b(%esp), %eax
0x000f0754:  ba ec 41 0f 00           movl     $0xf41ec, %edx
0x000f0759:  e8 d0 9c ff ff           calll    0xea42e

----------------
IN: 
0x000ea42e:  53                       pushl    %ebx
0x000ea42f:  89 c1                    movl     %eax, %ecx
0x000ea431:  89 d3                    movl     %edx, %ebx
0x000ea433:  31 c0                    xorl     %eax, %eax
0x000ea435:  8a 14 01                 movb     (%ecx, %eax), %dl
0x000ea438:  3a 14 03                 cmpb     (%ebx, %eax), %dl
0x000ea43b:  74 0c                    je       0xea449

----------------
IN: 
0x000ea43d:  b8 01 00 00 00           movl     $1, %eax
0x000ea442:  7d 0c                    jge      0xea450

----------------
IN: 
0x000ea444:  83 c8 ff                 orl      $0xffffffff, %eax
0x000ea447:  eb 07                    jmp      0xea450

----------------
IN: 
0x000ea450:  5b                       popl     %ebx
0x000ea451:  c3                       retl     

----------------
IN: 
0x000f075e:  5a                       popl     %edx
0x000f075f:  59                       popl     %ecx
0x000f0760:  85 c0                    testl    %eax, %eax
0x000f0762:  75 41                    jne      0xf07a5

----------------
IN: 
0x000f07a5:  81 c3 00 01 00 00        addl     $0x100, %ebx
0x000f07ab:  81 fb 00 00 01 40        cmpl     $0x40010000, %ebx
0x000f07b1:  0f 85 65 ff ff ff        jne      0xf071c

----------------
IN: 
0x000f071c:  8d 4c 24 04              leal     4(%esp), %ecx
0x000f0720:  89 e2                    movl     %esp, %edx
0x000f0722:  8d 44 24 0c              leal     0xc(%esp), %eax
0x000f0726:  50                       pushl    %eax
0x000f0727:  8d 44 24 0c              leal     0xc(%esp), %eax
0x000f072b:  50                       pushl    %eax
0x000f072c:  89 d8                    movl     %ebx, %eax
0x000f072e:  e8 bd 9e ff ff           calll    0xea5f0

----------------
IN: 
0x000f07b7:  83 3d 20 4b 0f 00 00     cmpl     $0, 0xf4b20
0x000f07be:  75 07                    jne      0xf07c7

----------------
IN: 
0x000f07c0:  68 52 42 0f 00           pushl    $0xf4252
0x000f07c5:  eb 1a                    jmp      0xf07e1

----------------
IN: 
0x000f07e1:  e8 3c c7 ff ff           calll    0xecf22

----------------
IN: 
0x000f07e6:  58                       popl     %eax
0x000f07e7:  e8 73 e2 ff ff           calll    0xeea5f

----------------
IN: 
0x000eea5f:  53                       pushl    %ebx
0x000eea60:  e8 f5 b7 ff ff           calll    0xea25a

----------------
IN: 
0x000ea25a:  a0 20 56 0f 00           movb     0xf5620, %al
0x000ea25f:  d0 e8                    shrb     $1, %al
0x000ea261:  83 e0 01                 andl     $1, %eax
0x000ea264:  c3                       retl     

----------------
IN: 
0x000eea65:  85 c0                    testl    %eax, %eax
0x000eea67:  75 70                    jne      0xeead9

----------------
IN: 
0x000eea69:  83 c8 ff                 orl      $0xffffffff, %eax
0x000eea6c:  e8 0b db ff ff           calll    0xec57c

----------------
IN: 
0x000ec57c:  56                       pushl    %esi
0x000ec57d:  53                       pushl    %ebx
0x000ec57e:  89 c1                    movl     %eax, %ecx
0x000ec580:  a8 07                    testb    $7, %al
0x000ec582:  75 50                    jne      0xec5d4

----------------
IN: 
0x000ec5d4:  41                       incl     %ecx
0x000ec5d5:  eb cd                    jmp      0xec5a4

----------------
IN: 
0x000ec5a4:  89 c8                    movl     %ecx, %eax
0x000ec5a6:  66 c1 e8 08              shrw     $8, %ax
0x000ec5aa:  75 2b                    jne      0xec5d7

----------------
IN: 
0x000ec5ac:  89 c8                    movl     %ecx, %eax
0x000ec5ae:  c1 e0 08                 shll     $8, %eax
0x000ec5b1:  25 00 ff ff 00           andl     $0xffff00, %eax
0x000ec5b6:  0d 00 00 00 80           orl      $0x80000000, %eax
0x000ec5bb:  ba f8 0c 00 00           movl     $0xcf8, %edx
0x000ec5c0:  ef                       outl     %eax, %dx

----------------
IN: 
0x000ec5c1:  ba fc 0c 00 00           movl     $0xcfc, %edx
0x000ec5c6:  66 ed                    inw      %dx, %ax

----------------
IN: 
0x000ec5c8:  48                       decl     %eax
0x000ec5c9:  66 83 f8 fd              cmpw     $-3, %ax
0x000ec5cd:  76 0b                    jbe      0xec5da

----------------
IN: 
0x000ec5da:  89 c8                    movl     %ecx, %eax
0x000ec5dc:  5b                       popl     %ebx
0x000ec5dd:  5e                       popl     %esi
0x000ec5de:  c3                       retl     

----------------
IN: 
0x000eea71:  89 c3                    movl     %eax, %ebx
0x000eea73:  85 c0                    testl    %eax, %eax
0x000eea75:  78 57                    js       0xeeace

----------------
IN: 
0x000eea77:  89 d8                    movl     %ebx, %eax
0x000eea79:  c1 e0 08                 shll     $8, %eax
0x000eea7c:  25 00 ff ff 00           andl     $0xffff00, %eax
0x000eea81:  0d 00 00 00 80           orl      $0x80000000, %eax
0x000eea86:  ba f8 0c 00 00           movl     $0xcf8, %edx
0x000eea8b:  ef                       outl     %eax, %dx

----------------
IN: 
0x000eea8c:  ba fc 0c 00 00           movl     $0xcfc, %edx
0x000eea91:  ed                       inl      %dx, %eax

----------------
IN: 
0x000eea92:  66 3d 86 80              cmpw     $0x8086, %ax
0x000eea96:  75 32                    jne      0xeeaca

----------------
IN: 
0x000eea98:  c1 e8 10                 shrl     $0x10, %eax
0x000eea9b:  3d 37 12 00 00           cmpl     $0x1237, %eax
0x000eeaa0:  75 07                    jne      0xeeaa9

----------------
IN: 
0x000eeaa2:  ba 59 00 00 00           movl     $0x59, %edx
0x000eeaa7:  eb 0c                    jmp      0xeeab5

----------------
IN: 
0x000eeab5:  0f b7 c3                 movzwl   %bx, %eax
0x000eeab8:  e8 de db ff ff           calll    0xec69b

----------------
IN: 
0x000ec69b:  53                       pushl    %ebx
0x000ec69c:  89 d3                    movl     %edx, %ebx
0x000ec69e:  0f b7 c8                 movzwl   %ax, %ecx
0x000ec6a1:  89 c8                    movl     %ecx, %eax
0x000ec6a3:  c1 e0 08                 shll     $8, %eax
0x000ec6a6:  81 e2 fc 00 00 00        andl     $0xfc, %edx
0x000ec6ac:  09 d0                    orl      %edx, %eax
0x000ec6ae:  0d 00 00 00 80           orl      $0x80000000, %eax
0x000ec6b3:  ba f8 0c 00 00           movl     $0xcf8, %edx
0x000ec6b8:  ef                       outl     %eax, %dx

----------------
IN: 
0x000ec6b9:  89 da                    movl     %ebx, %edx
0x000ec6bb:  83 e2 03                 andl     $3, %edx
0x000ec6be:  66 81 c2 fc 0c           addw     $0xcfc, %dx
0x000ec6c3:  ec                       inb      %dx, %al

----------------
IN: 
0x000ec6c4:  89 da                    movl     %ebx, %edx
0x000ec6c6:  a8 10                    testb    $0x10, %al
0x000ec6c8:  89 c8                    movl     %ecx, %eax
0x000ec6ca:  75 08                    jne      0xec6d4

----------------
IN: 
0x000ec6cc:  b9 df c5 fe ff           movl     $0xfffec5df, %ecx
0x000ec6d1:  5b                       popl     %ebx
0x000ec6d2:  ff e1                    jmpl     *%ecx

----------------
IN: 
0xfffec5df:  55                       pushl    %ebp
0xfffec5e0:  57                       pushl    %edi
0xfffec5e1:  56                       pushl    %esi
0xfffec5e2:  53                       pushl    %ebx
0xfffec5e3:  83 ec 08                 subl     $8, %esp
0xfffec5e6:  89 d3                    movl     %edx, %ebx
0xfffec5e8:  0f b7 c8                 movzwl   %ax, %ecx
0xfffec5eb:  c1 e1 08                 shll     $8, %ecx
0xfffec5ee:  89 d6                    movl     %edx, %esi
0xfffec5f0:  81 e6 fc 00 00 00        andl     $0xfc, %esi
0xfffec5f6:  09 ce                    orl      %ecx, %esi
0xfffec5f8:  81 ce 00 00 00 80        orl      $0x80000000, %esi
0xfffec5fe:  bd f8 0c 00 00           movl     $0xcf8, %ebp
0xfffec603:  89 f0                    movl     %esi, %eax
0xfffec605:  89 ea                    movl     %ebp, %edx
0xfffec607:  ef                       outl     %eax, %dx

----------------
IN: 
0xfffec608:  ba fc 0c 00 00           movl     $0xcfc, %edx
0xfffec60d:  ed                       inl      %dx, %eax

----------------
IN: 
0xfffec60e:  89 04 24                 movl     %eax, (%esp)
0xfffec611:  89 d8                    movl     %ebx, %eax
0xfffec613:  83 e0 fc                 andl     $0xfffffffc, %eax
0xfffec616:  83 c0 04                 addl     $4, %eax
0xfffec619:  25 fc 00 00 00           andl     $0xfc, %eax
0xfffec61e:  09 c1                    orl      %eax, %ecx
0xfffec620:  81 c9 00 00 00 80        orl      $0x80000000, %ecx
0xfffec626:  89 c8                    movl     %ecx, %eax
0xfffec628:  89 ea                    movl     %ebp, %edx
0xfffec62a:  ef                       outl     %eax, %dx

----------------
IN: 
0xfffec62b:  ba fc 0c 00 00           movl     $0xcfc, %edx
0xfffec630:  ed                       inl      %dx, %eax

----------------
IN: 
0xfffec631:  89 44 24 04              movl     %eax, 4(%esp)
0xfffec635:  83 e3 03                 andl     $3, %ebx
0xfffec638:  8d 14 1c                 leal     (%esp, %ebx), %edx
0xfffec63b:  31 c0                    xorl     %eax, %eax
0xfffec63d:  c6 44 02 01 33           movb     $0x33, 1(%edx, %eax)
0xfffec642:  40                       incl     %eax
0xfffec643:  83 f8 06                 cmpl     $6, %eax
0xfffec646:  75 f5                    jne      0xfffec63d

----------------
IN: 
0xfffec63d:  c6 44 02 01 33           movb     $0x33, 1(%edx, %eax)
0xfffec642:  40                       incl     %eax
0xfffec643:  83 f8 06                 cmpl     $6, %eax
0xfffec646:  75 f5                    jne      0xfffec63d

----------------
IN: 
0xfffec648:  0f b6 3c 1c              movzbl   (%esp, %ebx), %edi
0xfffec64c:  83 e7 10                 andl     $0x10, %edi
0xfffec64f:  c6 04 1c 30              movb     $0x30, (%esp, %ebx)
0xfffec653:  89 f0                    movl     %esi, %eax
0xfffec655:  ba f8 0c 00 00           movl     $0xcf8, %edx
0xfffec65a:  ef                       outl     %eax, %dx

----------------
IN: 
0xfffec65b:  8b 04 24                 movl     (%esp), %eax
0xfffec65e:  ba fc 0c 00 00           movl     $0xcfc, %edx
0xfffec663:  ef                       outl     %eax, %dx

----------------
IN: 
0xfffec664:  89 c8                    movl     %ecx, %eax
0xfffec666:  ba f8 0c 00 00           movl     $0xcf8, %edx
0xfffec66b:  ef                       outl     %eax, %dx

----------------
IN: 
0xfffec66c:  8b 44 24 04              movl     4(%esp), %eax
0xfffec670:  ba fc 0c 00 00           movl     $0xcfc, %edx
0xfffec675:  ef                       outl     %eax, %dx

----------------
IN: 
0xfffec676:  89 f8                    movl     %edi, %eax
0xfffec678:  84 c0                    testb    %al, %al
0xfffec67a:  75 17                    jne      0xfffec693

----------------
IN: 
0xfffec67c:  b9 00 00 10 00           movl     $0x100000, %ecx
0xfffec681:  81 e9 00 42 0d 00        subl     $0xd4200, %ecx
0xfffec687:  be 00 42 fd ff           movl     $0xfffd4200, %esi
0xfffec68c:  bf 00 42 0d 00           movl     $0xd4200, %edi
0xfffec691:  f3 a4                    rep movsb (%esi), %es:(%edi)

----------------
IN: 
0xfffec691:  f3 a4                    rep movsb (%esi), %es:(%edi)

----------------
IN: 
0xfffec693:  83 c4 08                 addl     $8, %esp
0xfffec696:  5b                       popl     %ebx
0xfffec697:  5e                       popl     %esi
0xfffec698:  5f                       popl     %edi
0xfffec699:  5d                       popl     %ebp
0xfffec69a:  c3                       retl     

----------------
IN: 
0x000eeabd:  e8 95 c9 ff ff           calll    0xeb457

----------------
IN: 
0x000eb457:  83 3d 68 62 0f 00 00     cmpl     $0, 0xf6268
0x000eb45e:  75 12                    jne      0xeb472

----------------
IN: 
0x000eb460:  b0 8f                    movb     $0x8f, %al
0x000eb462:  e6 70                    outb     %al, $0x70

----------------
IN: 
0x000eb464:  31 c0                    xorl     %eax, %eax
0x000eb466:  e6 71                    outb     %al, $0x71

----------------
IN: 
0x000eb468:  c7 05 68 62 0f 00 01 00  movl     $1, 0xf6268
0x000eb470:  00 00
0x000eb472:  c3                       retl     

----------------
IN: 
0x000eeac2:  89 1d 38 4a 0f 00        movl     %ebx, 0xf4a38
0x000eeac8:  eb 0f                    jmp      0xeead9

----------------
IN: 
0x000eead9:  5b                       popl     %ebx
0x000eeada:  c3                       retl     

----------------
IN: 
0x000f07ec:  e8 bf 81 ff ff           calll    0xe89b0

----------------
IN: 
0x000e89b0:  55                       pushl    %ebp
0x000e89b1:  57                       pushl    %edi
0x000e89b2:  56                       pushl    %esi
0x000e89b3:  53                       pushl    %ebx
0x000e89b4:  83 ec 70                 subl     $0x70, %esp
0x000e89b7:  e8 9b 2a 00 00           calll    0xeb457

----------------
IN: 
0x000eb472:  c3                       retl     

----------------
IN: 
0x000e89bc:  e8 99 18 00 00           calll    0xea25a

----------------
IN: 
0x000ea25a:  a0 20 56 0f 00           movb     0xf5620, %al
0x000ea25f:  d0 e8                    shrb     $1, %al
0x000ea261:  83 e0 01                 andl     $1, %eax
0x000ea264:  c3                       retl     

----------------
IN: 
0x000e89c1:  85 c0                    testl    %eax, %eax
0x000e89c3:  75 15                    jne      0xe89da

----------------
IN: 
0x000e89c5:  66 8b 15 d4 60 0f 00     movw     0xf60d4, %dx
0x000e89cc:  ec                       inb      %dx, %al

----------------
IN: 
0x000e89cd:  3c e9                    cmpb     $0xe9, %al
0x000e89cf:  74 09                    je       0xe89da

----------------
IN: 
0x000e89d1:  66 c7 05 d4 60 0f 00 00  movw     $0, 0xf60d4
0x000e89d9:  00
0x000e89da:  31 d2                    xorl     %edx, %edx
0x000e89dc:  31 c0                    xorl     %eax, %eax
0x000e89de:  e8 60 1b 00 00           calll    0xea543

----------------
IN: 
0x000ea543:  89 d1                    movl     %edx, %ecx
0x000ea545:  8b 15 f8 4d 0f 00        movl     0xf4df8, %edx
0x000ea54b:  0f b7 c0                 movzwl   %ax, %eax
0x000ea54e:  85 d2                    testl    %edx, %edx
0x000ea550:  74 0b                    je       0xea55d

----------------
IN: 
0x000ea55d:  c1 e0 08                 shll     $8, %eax
0x000ea560:  89 ca                    movl     %ecx, %edx
0x000ea562:  81 e2 fc 00 00 00        andl     $0xfc, %edx
0x000ea568:  09 d0                    orl      %edx, %eax
0x000ea56a:  0d 00 00 00 80           orl      $0x80000000, %eax
0x000ea56f:  ba f8 0c 00 00           movl     $0xcf8, %edx
0x000ea574:  ef                       outl     %eax, %dx

----------------
IN: 
0x000ea575:  83 e1 02                 andl     $2, %ecx
0x000ea578:  8d 91 fc 0c 00 00        leal     0xcfc(%ecx), %edx
0x000ea57e:  66 ed                    inw      %dx, %ax

----------------
IN: 
0x000ea580:  c3                       retl     

----------------
IN: 
0x000e89e3:  0f b7 f0                 movzwl   %ax, %esi
0x000e89e6:  8d 46 ff                 leal     -1(%esi), %eax
0x000e89e9:  66 83 f8 fd              cmpw     $-3, %ax
0x000e89ed:  0f 87 0f 02 00 00        ja       0xe8c02

----------------
IN: 
0x000e89f3:  ba 02 00 00 00           movl     $2, %edx
0x000e89f8:  31 c0                    xorl     %eax, %eax
0x000e89fa:  e8 44 1b 00 00           calll    0xea543

----------------
IN: 
0x000e89ff:  0f b7 d8                 movzwl   %ax, %ebx
0x000e8a02:  ba 2c 00 00 00           movl     $0x2c, %edx
0x000e8a07:  31 c0                    xorl     %eax, %eax
0x000e8a09:  e8 35 1b 00 00           calll    0xea543

----------------
IN: 
0x000e8a0e:  89 c7                    movl     %eax, %edi
0x000e8a10:  ba 2e 00 00 00           movl     $0x2e, %edx
0x000e8a15:  31 c0                    xorl     %eax, %eax
0x000e8a17:  e8 27 1b 00 00           calll    0xea543

----------------
IN: 
0x000e8a1c:  66 81 ff f4 1a           cmpw     $0x1af4, %di
0x000e8a21:  0f 85 db 01 00 00        jne      0xe8c02

----------------
IN: 
0x000e8a27:  66 3d 00 11              cmpw     $0x1100, %ax
0x000e8a2b:  0f 85 d1 01 00 00        jne      0xe8c02

----------------
IN: 
0x000e8a31:  83 0d 20 56 0f 00 01     orl      $1, 0xf5620
0x000e8a38:  66 81 fb 37 12           cmpw     $0x1237, %bx
0x000e8a3d:  74 0e                    je       0xe8a4d

----------------
IN: 
0x000e8a4d:  68 d8 3f 0f 00           pushl    $0xf3fd8
0x000e8a52:  e8 cb 44 00 00           calll    0xecf22

----------------
IN: 
0x000ecf22:  8d 4c 24 08              leal     8(%esp), %ecx
0x000ecf26:  8b 54 24 04              movl     4(%esp), %edx
0x000ecf2a:  b8 48 4a 0f 00           movl     $0xf4a48, %eax
0x000ecf2f:  e8 a6 f7 ff ff           calll    0xec6da

----------------
IN: 
0x000ec6da:  55                       pushl    %ebp
0x000ec6db:  57                       pushl    %edi
0x000ec6dc:  56                       pushl    %esi
0x000ec6dd:  53                       pushl    %ebx
0x000ec6de:  83 ec 08                 subl     $8, %esp
0x000ec6e1:  89 c5                    movl     %eax, %ebp
0x000ec6e3:  89 d7                    movl     %edx, %edi
0x000ec6e5:  89 cb                    movl     %ecx, %ebx
0x000ec6e7:  0f be 17                 movsbl   (%edi), %edx
0x000ec6ea:  84 d2                    testb    %dl, %dl
0x000ec6ec:  0f 84 41 02 00 00        je       0xec933

----------------
IN: 
0x000ec6f2:  80 fa 25                 cmpb     $0x25, %dl
0x000ec6f5:  0f 85 23 02 00 00        jne      0xec91e

----------------
IN: 
0x000ec91e:  89 e8                    movl     %ebp, %eax
0x000ec920:  e8 76 d9 ff ff           calll    0xea29b

----------------
IN: 
0x000ea29b:  0f be d2                 movsbl   %dl, %edx
0x000ea29e:  ff 20                    jmpl     *(%eax)

----------------
IN: 
0x000ebd7c:  88 d0                    movb     %dl, %al
0x000ebd7e:  66 8b 15 d4 60 0f 00     movw     0xf60d4, %dx
0x000ebd85:  66 85 d2                 testw    %dx, %dx
0x000ebd88:  74 01                    je       0xebd8b

----------------
IN: 
0x000ebd8b:  c3                       retl     

----------------
IN: 
0x000ec925:  89 fe                    movl     %edi, %esi
0x000ec927:  eb 02                    jmp      0xec92b

----------------
IN: 
0x000ec92b:  8d 7e 01                 leal     1(%esi), %edi
0x000ec92e:  e9 b4 fd ff ff           jmp      0xec6e7

----------------
IN: 
0x000ec6e7:  0f be 17                 movsbl   (%edi), %edx
0x000ec6ea:  84 d2                    testb    %dl, %dl
0x000ec6ec:  0f 84 41 02 00 00        je       0xec933

----------------
IN: 
0x000ec933:  83 c4 08                 addl     $8, %esp
0x000ec936:  5b                       popl     %ebx
0x000ec937:  5e                       popl     %esi
0x000ec938:  5f                       popl     %edi
0x000ec939:  5d                       popl     %ebp
0x000ec93a:  c3                       retl     

----------------
IN: 
0x000ecf34:  c3                       retl     

----------------
IN: 
0x000e8a57:  5f                       popl     %edi
0x000e8a58:  eb 0f                    jmp      0xe8a69

----------------
IN: 
0x000e8a69:  8d 5c 24 1c              leal     0x1c(%esp), %ebx
0x000e8a6d:  53                       pushl    %ebx
0x000e8a6e:  8d 7c 24 1c              leal     0x1c(%esp), %edi
0x000e8a72:  57                       pushl    %edi
0x000e8a73:  8d 4c 24 1c              leal     0x1c(%esp), %ecx
0x000e8a77:  8d 54 24 18              leal     0x18(%esp), %edx
0x000e8a7b:  31 c0                    xorl     %eax, %eax
0x000e8a7d:  e8 6e 1b 00 00           calll    0xea5f0

----------------
IN: 
0x000ea5f0:  55                       pushl    %ebp
0x000ea5f1:  57                       pushl    %edi
0x000ea5f2:  56                       pushl    %esi
0x000ea5f3:  53                       pushl    %ebx
0x000ea5f4:  89 d6                    movl     %edx, %esi
0x000ea5f6:  89 cf                    movl     %ecx, %edi
0x000ea5f8:  8b 6c 24 14              movl     0x14(%esp), %ebp
0x000ea5fc:  9c                       pushfl   
0x000ea5fd:  59                       popl     %ecx
0x000ea5fe:  89 ca                    movl     %ecx, %edx
0x000ea600:  81 f2 00 00 20 00        xorl     $0x200000, %edx
0x000ea606:  52                       pushl    %edx
0x000ea607:  9d                       popfl    

----------------
IN: 
0x000ea608:  9c                       pushfl   
0x000ea609:  5a                       popl     %edx
0x000ea60a:  51                       pushl    %ecx
0x000ea60b:  9d                       popfl    

----------------
IN: 
0x000ea60c:  31 ca                    xorl     %ecx, %edx
0x000ea60e:  0f ba e2 15              btl      $0x15, %edx
0x000ea612:  72 11                    jb       0xea625

----------------
IN: 
0x000ea625:  0f a2                    cpuid    
0x000ea627:  89 06                    movl     %eax, (%esi)
0x000ea629:  89 1f                    movl     %ebx, (%edi)
0x000ea62b:  89 4d 00                 movl     %ecx, (%ebp)
0x000ea62e:  8b 44 24 18              movl     0x18(%esp), %eax
0x000ea632:  89 10                    movl     %edx, (%eax)
0x000ea634:  5b                       popl     %ebx
0x000ea635:  5e                       popl     %esi
0x000ea636:  5f                       popl     %edi
0x000ea637:  5d                       popl     %ebp
0x000ea638:  c3                       retl     

----------------
IN: 
0x000e8a82:  8b 44 24 1c              movl     0x1c(%esp), %eax
0x000e8a86:  89 44 24 38              movl     %eax, 0x38(%esp)
0x000e8a8a:  8b 44 24 24              movl     0x24(%esp), %eax
0x000e8a8e:  89 44 24 3c              movl     %eax, 0x3c(%esp)
0x000e8a92:  8b 44 24 20              movl     0x20(%esp), %eax
0x000e8a96:  89 44 24 40              movl     %eax, 0x40(%esp)
0x000e8a9a:  c6 44 24 44 00           movb     $0, 0x44(%esp)
0x000e8a9f:  59                       popl     %ecx
0x000e8aa0:  5e                       popl     %esi
0x000e8aa1:  31 f6                    xorl     %esi, %esi
0x000e8aa3:  83 7c 24 10 00           cmpl     $0, 0x10(%esp)
0x000e8aa8:  74 1d                    je       0xe8ac7

----------------
IN: 
0x000e8aaa:  53                       pushl    %ebx
0x000e8aab:  57                       pushl    %edi
0x000e8aac:  8d 4c 24 1c              leal     0x1c(%esp), %ecx
0x000e8ab0:  8d 54 24 18              leal     0x18(%esp), %edx
0x000e8ab4:  b8 01 00 00 00           movl     $1, %eax
0x000e8ab9:  e8 32 1b 00 00           calll    0xea5f0

----------------
IN: 
0x000e8abe:  8b 74 24 24              movl     0x24(%esp), %esi
0x000e8ac2:  83 e6 40                 andl     $0x40, %esi
0x000e8ac5:  58                       popl     %eax
0x000e8ac6:  5a                       popl     %edx
0x000e8ac7:  53                       pushl    %ebx
0x000e8ac8:  8d 7c 24 1c              leal     0x1c(%esp), %edi
0x000e8acc:  57                       pushl    %edi
0x000e8acd:  8d 4c 24 1c              leal     0x1c(%esp), %ecx
0x000e8ad1:  8d 54 24 18              leal     0x18(%esp), %edx
0x000e8ad5:  b8 00 00 00 80           movl     $0x80000000, %eax
0x000e8ada:  e8 11 1b 00 00           calll    0xea5f0

----------------
IN: 
0x000e8adf:  8b 6c 24 18              movl     0x18(%esp), %ebp
0x000e8ae3:  59                       popl     %ecx
0x000e8ae4:  58                       popl     %eax
0x000e8ae5:  81 fd 00 00 00 80        cmpl     $0x80000000, %ebp
0x000e8aeb:  76 25                    jbe      0xe8b12

----------------
IN: 
0x000e8aed:  53                       pushl    %ebx
0x000e8aee:  57                       pushl    %edi
0x000e8aef:  8d 4c 24 1c              leal     0x1c(%esp), %ecx
0x000e8af3:  8d 54 24 18              leal     0x18(%esp), %edx
0x000e8af7:  b8 01 00 00 80           movl     $0x80000001, %eax
0x000e8afc:  e8 ef 1a 00 00           calll    0xea5f0

----------------
IN: 
0x000e8b01:  8a 44 24 27              movb     0x27(%esp), %al
0x000e8b05:  c0 e8 05                 shrb     $5, %al
0x000e8b08:  83 e0 01                 andl     $1, %eax
0x000e8b0b:  a2 f8 a1 0e 00           movb     %al, 0xea1f8
0x000e8b10:  58                       popl     %eax
0x000e8b11:  5a                       popl     %edx
0x000e8b12:  a0 f8 a1 0e 00           movb     0xea1f8, %al
0x000e8b17:  85 f6                    testl    %esi, %esi
0x000e8b19:  0f 84 a0 00 00 00        je       0xe8bbf

----------------
IN: 
0x000e8b1f:  84 c0                    testb    %al, %al
0x000e8b21:  74 10                    je       0xe8b33

----------------
IN: 
0x000e8b23:  81 fd 07 00 00 80        cmpl     $0x80000007, %ebp
0x000e8b29:  77 1e                    ja       0xe8b49

----------------
IN: 
0x000e8b49:  53                       pushl    %ebx
0x000e8b4a:  57                       pushl    %edi
0x000e8b4b:  8d 4c 24 1c              leal     0x1c(%esp), %ecx
0x000e8b4f:  8d 54 24 18              leal     0x18(%esp), %edx
0x000e8b53:  b8 08 00 00 80           movl     $0x80000008, %eax
0x000e8b58:  e8 93 1a 00 00           calll    0xea5f0

----------------
IN: 
0x000e8b5d:  0f b6 5c 24 18           movzbl   0x18(%esp), %ebx
0x000e8b62:  5e                       popl     %esi
0x000e8b63:  5f                       popl     %edi
0x000e8b64:  83 fb 28                 cmpl     $0x28, %ebx
0x000e8b67:  77 40                    ja       0xe8ba9

----------------
IN: 
0x000e8b69:  ba 32 40 0f 00           movl     $0xf4032, %edx
0x000e8b6e:  8d 44 24 30              leal     0x30(%esp), %eax
0x000e8b72:  e8 b7 18 00 00           calll    0xea42e

----------------
IN: 
0x000ea42e:  53                       pushl    %ebx
0x000ea42f:  89 c1                    movl     %eax, %ecx
0x000ea431:  89 d3                    movl     %edx, %ebx
0x000ea433:  31 c0                    xorl     %eax, %eax
0x000ea435:  8a 14 01                 movb     (%ecx, %eax), %dl
0x000ea438:  3a 14 03                 cmpb     (%ebx, %eax), %dl
0x000ea43b:  74 0c                    je       0xea449

----------------
IN: 
0x000ea43d:  b8 01 00 00 00           movl     $1, %eax
0x000ea442:  7d 0c                    jge      0xea450

----------------
IN: 
0x000ea444:  83 c8 ff                 orl      $0xffffffff, %eax
0x000ea447:  eb 07                    jmp      0xea450

----------------
IN: 
0x000ea450:  5b                       popl     %ebx
0x000ea451:  c3                       retl     

----------------
IN: 
0x000e8b77:  85 c0                    testl    %eax, %eax
0x000e8b79:  75 0e                    jne      0xe8b89

----------------
IN: 
0x000e8b89:  ba 3f 40 0f 00           movl     $0xf403f, %edx
0x000e8b8e:  8d 44 24 30              leal     0x30(%esp), %eax
0x000e8b92:  e8 97 18 00 00           calll    0xea42e

----------------
IN: 
0x000ea449:  40                       incl     %eax
0x000ea44a:  84 d2                    testb    %dl, %dl
0x000ea44c:  75 e7                    jne      0xea435

----------------
IN: 
0x000ea435:  8a 14 01                 movb     (%ecx, %eax), %dl
0x000ea438:  3a 14 03                 cmpb     (%ebx, %eax), %dl
0x000ea43b:  74 0c                    je       0xea449

----------------
IN: 
0x000ea44e:  31 c0                    xorl     %eax, %eax
0x000ea450:  5b                       popl     %ebx
0x000ea451:  c3                       retl     

----------------
IN: 
0x000e8b97:  83 fb 28                 cmpl     $0x28, %ebx
0x000e8b9a:  75 04                    jne      0xe8ba0

----------------
IN: 
0x000e8b9c:  85 c0                    testl    %eax, %eax
0x000e8b9e:  74 09                    je       0xe8ba9

----------------
IN: 
0x000e8ba9:  be 01 00 00 00           movl     $1, %esi
0x000e8bae:  b8 d1 3f 0f 00           movl     $0xf3fd1, %eax
0x000e8bb3:  ba d1 3f 0f 00           movl     $0xf3fd1, %edx
0x000e8bb8:  b9 d1 3f 0f 00           movl     $0xf3fd1, %ecx
0x000e8bbd:  eb 1e                    jmp      0xe8bdd

----------------
IN: 
0x000e8bdd:  50                       pushl    %eax
0x000e8bde:  53                       pushl    %ebx
0x000e8bdf:  52                       pushl    %edx
0x000e8be0:  51                       pushl    %ecx
0x000e8be1:  8d 44 24 40              leal     0x40(%esp), %eax
0x000e8be5:  50                       pushl    %eax
0x000e8be6:  68 50 97 0e 00           pushl    $0xe9750
0x000e8beb:  68 4c 40 0f 00           pushl    $0xf404c
0x000e8bf0:  e8 2d 43 00 00           calll    0xecf22

----------------
IN: 
0x000ec6fb:  8d 77 01                 leal     1(%edi), %esi
0x000ec6fe:  c6 04 24 20              movb     $0x20, (%esp)
0x000ec702:  31 c9                    xorl     %ecx, %ecx
0x000ec704:  0f b6 06                 movzbl   (%esi), %eax
0x000ec707:  8d 50 d0                 leal     -0x30(%eax), %edx
0x000ec70a:  80 fa 09                 cmpb     $9, %dl
0x000ec70d:  77 1a                    ja       0xec729

----------------
IN: 
0x000ec729:  31 d2                    xorl     %edx, %edx
0x000ec72b:  3c 6c                    cmpb     $0x6c, %al
0x000ec72d:  75 12                    jne      0xec741

----------------
IN: 
0x000ec741:  3c 64                    cmpb     $0x64, %al
0x000ec743:  74 68                    je       0xec7ad

----------------
IN: 
0x000ec745:  7f 42                    jg       0xec789

----------------
IN: 
0x000ec789:  3c 73                    cmpb     $0x73, %al
0x000ec78b:  0f 84 72 01 00 00        je       0xec903

----------------
IN: 
0x000ec903:  8d 7b 04                 leal     4(%ebx), %edi
0x000ec906:  8b 1b                    movl     (%ebx), %ebx
0x000ec908:  0f be 13                 movsbl   (%ebx), %edx
0x000ec90b:  84 d2                    testb    %dl, %dl
0x000ec90d:  74 1a                    je       0xec929

----------------
IN: 
0x000ec90f:  89 e8                    movl     %ebp, %eax
0x000ec911:  e8 85 d9 ff ff           calll    0xea29b

----------------
IN: 
0x000ec916:  43                       incl     %ebx
0x000ec917:  eb ef                    jmp      0xec908

----------------
IN: 
0x000ec908:  0f be 13                 movsbl   (%ebx), %edx
0x000ec90b:  84 d2                    testb    %dl, %dl
0x000ec90d:  74 1a                    je       0xec929

----------------
IN: 
0x000ec929:  89 fb                    movl     %edi, %ebx
0x000ec92b:  8d 7e 01                 leal     1(%esi), %edi
0x000ec92e:  e9 b4 fd ff ff           jmp      0xec6e7

----------------
IN: 
0x000ec7ad:  8b 3b                    movl     (%ebx), %edi
0x000ec7af:  84 d2                    testb    %dl, %dl
0x000ec7b1:  75 05                    jne      0xec7b8

----------------
IN: 
0x000ec7b3:  83 c3 04                 addl     $4, %ebx
0x000ec7b6:  eb 03                    jmp      0xec7bb

----------------
IN: 
0x000ec7bb:  85 ff                    testl    %edi, %edi
0x000ec7bd:  79 0e                    jns      0xec7cd

----------------
IN: 
0x000ec7cd:  89 fa                    movl     %edi, %edx
0x000ec7cf:  eb 10                    jmp      0xec7e1

----------------
IN: 
0x000ec7e1:  89 e8                    movl     %ebp, %eax
0x000ec7e3:  e8 b8 da ff ff           calll    0xea2a0

----------------
IN: 
0x000ea2a0:  57                       pushl    %edi
0x000ea2a1:  56                       pushl    %esi
0x000ea2a2:  53                       pushl    %ebx
0x000ea2a3:  83 ec 0c                 subl     $0xc, %esp
0x000ea2a6:  89 c6                    movl     %eax, %esi
0x000ea2a8:  89 d1                    movl     %edx, %ecx
0x000ea2aa:  c6 44 24 0b 00           movb     $0, 0xb(%esp)
0x000ea2af:  8d 5c 24 0a              leal     0xa(%esp), %ebx
0x000ea2b3:  bf 0a 00 00 00           movl     $0xa, %edi
0x000ea2b8:  89 c8                    movl     %ecx, %eax
0x000ea2ba:  31 d2                    xorl     %edx, %edx
0x000ea2bc:  f7 f7                    divl     %edi
0x000ea2be:  83 c2 30                 addl     $0x30, %edx
0x000ea2c1:  88 13                    movb     %dl, (%ebx)
0x000ea2c3:  83 f9 09                 cmpl     $9, %ecx
0x000ea2c6:  76 05                    jbe      0xea2cd

----------------
IN: 
0x000ea2c8:  89 c1                    movl     %eax, %ecx
0x000ea2ca:  4b                       decl     %ebx
0x000ea2cb:  eb eb                    jmp      0xea2b8

----------------
IN: 
0x000ea2b8:  89 c8                    movl     %ecx, %eax
0x000ea2ba:  31 d2                    xorl     %edx, %edx
0x000ea2bc:  f7 f7                    divl     %edi
0x000ea2be:  83 c2 30                 addl     $0x30, %edx
0x000ea2c1:  88 13                    movb     %dl, (%ebx)
0x000ea2c3:  83 f9 09                 cmpl     $9, %ecx
0x000ea2c6:  76 05                    jbe      0xea2cd

----------------
IN: 
0x000ea2cd:  85 db                    testl    %ebx, %ebx
0x000ea2cf:  75 05                    jne      0xea2d6

----------------
IN: 
0x000ea2d6:  0f be 13                 movsbl   (%ebx), %edx
0x000ea2d9:  84 d2                    testb    %dl, %dl
0x000ea2db:  74 0a                    je       0xea2e7

----------------
IN: 
0x000ea2dd:  89 f0                    movl     %esi, %eax
0x000ea2df:  e8 b7 ff ff ff           calll    0xea29b

----------------
IN: 
0x000ea2e4:  43                       incl     %ebx
0x000ea2e5:  eb ef                    jmp      0xea2d6

----------------
IN: 
0x000ea2e7:  83 c4 0c                 addl     $0xc, %esp
0x000ea2ea:  5b                       popl     %ebx
0x000ea2eb:  5e                       popl     %esi
0x000ea2ec:  5f                       popl     %edi
0x000ea2ed:  c3                       retl     

----------------
IN: 
0x000ec7e8:  e9 3e 01 00 00           jmp      0xec92b

----------------
IN: 
0x000e8bf5:  83 c4 1c                 addl     $0x1c, %esp
0x000e8bf8:  85 f6                    testl    %esi, %esi
0x000e8bfa:  74 06                    je       0xe8c02

----------------
IN: 
0x000e8bfc:  88 1d f9 a1 0e 00        movb     %bl, 0xea1f9
0x000e8c02:  31 ed                    xorl     %ebp, %ebp
0x000e8c04:  bb 00 00 00 40           movl     $0x40000000, %ebx
0x000e8c09:  31 f6                    xorl     %esi, %esi
0x000e8c0b:  89 74 24 10              movl     %esi, 0x10(%esp)
0x000e8c0f:  8d 7c 24 1c              leal     0x1c(%esp), %edi
0x000e8c13:  57                       pushl    %edi
0x000e8c14:  8d 74 24 1c              leal     0x1c(%esp), %esi
0x000e8c18:  56                       pushl    %esi
0x000e8c19:  8d 4c 24 1c              leal     0x1c(%esp), %ecx
0x000e8c1d:  8d 54 24 18              leal     0x18(%esp), %edx
0x000e8c21:  89 d8                    movl     %ebx, %eax
0x000e8c23:  e8 c8 19 00 00           calll    0xea5f0

----------------
IN: 
0x000e8c28:  8b 44 24 18              movl     0x18(%esp), %eax
0x000e8c2c:  5a                       popl     %edx
0x000e8c2d:  59                       popl     %ecx
0x000e8c2e:  39 d8                    cmpl     %ebx, %eax
0x000e8c30:  72 53                    jb       0xe8c85

----------------
IN: 
0x000e8c32:  8b 54 24 14              movl     0x14(%esp), %edx
0x000e8c36:  89 54 24 30              movl     %edx, 0x30(%esp)
0x000e8c3a:  8b 54 24 18              movl     0x18(%esp), %edx
0x000e8c3e:  89 54 24 34              movl     %edx, 0x34(%esp)
0x000e8c42:  8b 54 24 1c              movl     0x1c(%esp), %edx
0x000e8c46:  89 54 24 38              movl     %edx, 0x38(%esp)
0x000e8c4a:  c6 44 24 3c 00           movb     $0, 0x3c(%esp)
0x000e8c4f:  8d 74 24 30              leal     0x30(%esp), %esi
0x000e8c53:  56                       pushl    %esi
0x000e8c54:  50                       pushl    %eax
0x000e8c55:  53                       pushl    %ebx
0x000e8c56:  68 87 40 0f 00           pushl    $0xf4087
0x000e8c5b:  e8 c2 42 00 00           calll    0xecf22

----------------
IN: 
0x000ec791:  7f 09                    jg       0xec79c

----------------
IN: 
0x000ec79c:  3c 75                    cmpb     $0x75, %al
0x000ec79e:  74 31                    je       0xec7d1

----------------
IN: 
0x000ec7a0:  3c 78                    cmpb     $0x78, %al
0x000ec7a2:  0f 84 cf 00 00 00        je       0xec877

----------------
IN: 
0x000ec877:  3c 58                    cmpb     $0x58, %al
0x000ec879:  0f 94 c0                 sete     %al
0x000ec87c:  0f b6 c0                 movzbl   %al, %eax
0x000ec87f:  89 c7                    movl     %eax, %edi
0x000ec881:  8b 03                    movl     (%ebx), %eax
0x000ec883:  89 44 24 04              movl     %eax, 4(%esp)
0x000ec887:  0f be 04 24              movsbl   (%esp), %eax
0x000ec88b:  84 d2                    testb    %dl, %dl
0x000ec88d:  74 2f                    je       0xec8be

----------------
IN: 
0x000ec8be:  83 c3 04                 addl     $4, %ebx
0x000ec8c1:  89 1c 24                 movl     %ebx, (%esp)
0x000ec8c4:  57                       pushl    %edi
0x000ec8c5:  50                       pushl    %eax
0x000ec8c6:  8b 54 24 0c              movl     0xc(%esp), %edx
0x000ec8ca:  89 e8                    movl     %ebp, %eax
0x000ec8cc:  e8 da da ff ff           calll    0xea3ab

----------------
IN: 
0x000ea3ab:  55                       pushl    %ebp
0x000ea3ac:  57                       pushl    %edi
0x000ea3ad:  56                       pushl    %esi
0x000ea3ae:  53                       pushl    %ebx
0x000ea3af:  83 ec 08                 subl     $8, %esp
0x000ea3b2:  89 d5                    movl     %edx, %ebp
0x000ea3b4:  89 cb                    movl     %ecx, %ebx
0x000ea3b6:  8b 7c 24 20              movl     0x20(%esp), %edi
0x000ea3ba:  89 3c 24                 movl     %edi, (%esp)
0x000ea3bd:  8a 4c 24 1c              movb     0x1c(%esp), %cl
0x000ea3c1:  be 01 00 00 00           movl     $1, %esi
0x000ea3c6:  c1 ea 04                 shrl     $4, %edx
0x000ea3c9:  74 03                    je       0xea3ce

----------------
IN: 
0x000ea3cb:  46                       incl     %esi
0x000ea3cc:  eb f8                    jmp      0xea3c6

----------------
IN: 
0x000ea3c6:  c1 ea 04                 shrl     $4, %edx
0x000ea3c9:  74 03                    je       0xea3ce

----------------
IN: 
0x000ea3ce:  29 f3                    subl     %esi, %ebx
0x000ea3d0:  0f be f9                 movsbl   %cl, %edi
0x000ea3d3:  85 db                    testl    %ebx, %ebx
0x000ea3d5:  7e 12                    jle      0xea3e9

----------------
IN: 
0x000ea3e9:  8b 0c 24                 movl     (%esp), %ecx
0x000ea3ec:  89 4c 24 1c              movl     %ecx, 0x1c(%esp)
0x000ea3f0:  89 f1                    movl     %esi, %ecx
0x000ea3f2:  89 ea                    movl     %ebp, %edx
0x000ea3f4:  83 c4 08                 addl     $8, %esp
0x000ea3f7:  5b                       popl     %ebx
0x000ea3f8:  5e                       popl     %esi
0x000ea3f9:  5f                       popl     %edi
0x000ea3fa:  5d                       popl     %ebp
0x000ea3fb:  e9 12 ff ff ff           jmp      0xea312

----------------
IN: 
0x000ea312:  57                       pushl    %edi
0x000ea313:  56                       pushl    %esi
0x000ea314:  53                       pushl    %ebx
0x000ea315:  89 c6                    movl     %eax, %esi
0x000ea317:  89 d3                    movl     %edx, %ebx
0x000ea319:  8b 7c 24 10              movl     0x10(%esp), %edi
0x000ea31d:  49                       decl     %ecx
0x000ea31e:  83 f9 06                 cmpl     $6, %ecx
0x000ea321:  77 07                    ja       0xea32a

----------------
IN: 
0x000ea32a:  c1 ea 1c                 shrl     $0x1c, %edx
0x000ea32d:  89 f9                    movl     %edi, %ecx
0x000ea32f:  e8 ba ff ff ff           calll    0xea2ee

----------------
IN: 
0x000ea2ee:  53                       pushl    %ebx
0x000ea2ef:  89 c3                    movl     %eax, %ebx
0x000ea2f1:  89 d0                    movl     %edx, %eax
0x000ea2f3:  83 fa 09                 cmpl     $9, %edx
0x000ea2f6:  77 05                    ja       0xea2fd

----------------
IN: 
0x000ea2f8:  8d 52 30                 leal     0x30(%edx), %edx
0x000ea2fb:  eb 0a                    jmp      0xea307

----------------
IN: 
0x000ea307:  0f be d2                 movsbl   %dl, %edx
0x000ea30a:  89 d8                    movl     %ebx, %eax
0x000ea30c:  5b                       popl     %ebx
0x000ea30d:  e9 89 ff ff ff           jmp      0xea29b

----------------
IN: 
0x000ea334:  89 da                    movl     %ebx, %edx
0x000ea336:  c1 ea 18                 shrl     $0x18, %edx
0x000ea339:  83 e2 0f                 andl     $0xf, %edx
0x000ea33c:  89 f9                    movl     %edi, %ecx
0x000ea33e:  89 f0                    movl     %esi, %eax
0x000ea340:  e8 a9 ff ff ff           calll    0xea2ee

----------------
IN: 
0x000ea345:  89 da                    movl     %ebx, %edx
0x000ea347:  c1 ea 14                 shrl     $0x14, %edx
0x000ea34a:  83 e2 0f                 andl     $0xf, %edx
0x000ea34d:  89 f9                    movl     %edi, %ecx
0x000ea34f:  89 f0                    movl     %esi, %eax
0x000ea351:  e8 98 ff ff ff           calll    0xea2ee

----------------
IN: 
0x000ea356:  89 da                    movl     %ebx, %edx
0x000ea358:  c1 ea 10                 shrl     $0x10, %edx
0x000ea35b:  83 e2 0f                 andl     $0xf, %edx
0x000ea35e:  89 f9                    movl     %edi, %ecx
0x000ea360:  89 f0                    movl     %esi, %eax
0x000ea362:  e8 87 ff ff ff           calll    0xea2ee

----------------
IN: 
0x000ea367:  89 da                    movl     %ebx, %edx
0x000ea369:  c1 ea 0c                 shrl     $0xc, %edx
0x000ea36c:  83 e2 0f                 andl     $0xf, %edx
0x000ea36f:  89 f9                    movl     %edi, %ecx
0x000ea371:  89 f0                    movl     %esi, %eax
0x000ea373:  e8 76 ff ff ff           calll    0xea2ee

----------------
IN: 
0x000ea378:  89 da                    movl     %ebx, %edx
0x000ea37a:  c1 ea 08                 shrl     $8, %edx
0x000ea37d:  83 e2 0f                 andl     $0xf, %edx
0x000ea380:  89 f9                    movl     %edi, %ecx
0x000ea382:  89 f0                    movl     %esi, %eax
0x000ea384:  e8 65 ff ff ff           calll    0xea2ee

----------------
IN: 
0x000ea389:  89 da                    movl     %ebx, %edx
0x000ea38b:  c1 ea 04                 shrl     $4, %edx
0x000ea38e:  83 e2 0f                 andl     $0xf, %edx
0x000ea391:  89 f9                    movl     %edi, %ecx
0x000ea393:  89 f0                    movl     %esi, %eax
0x000ea395:  e8 54 ff ff ff           calll    0xea2ee

----------------
IN: 
0x000ea39a:  83 e3 0f                 andl     $0xf, %ebx
0x000ea39d:  89 da                    movl     %ebx, %edx
0x000ea39f:  89 f9                    movl     %edi, %ecx
0x000ea3a1:  89 f0                    movl     %esi, %eax
0x000ea3a3:  5b                       popl     %ebx
0x000ea3a4:  5e                       popl     %esi
0x000ea3a5:  5f                       popl     %edi
0x000ea3a6:  e9 43 ff ff ff           jmp      0xea2ee

----------------
IN: 
0x000ec8d1:  59                       popl     %ecx
0x000ec8d2:  5b                       popl     %ebx
0x000ec8d3:  8b 1c 24                 movl     (%esp), %ebx
0x000ec8d6:  eb 53                    jmp      0xec92b

----------------
IN: 
0x000e8c60:  ba ab 40 0f 00           movl     $0xf40ab, %edx
0x000e8c65:  89 f0                    movl     %esi, %eax
0x000e8c67:  e8 c2 17 00 00           calll    0xea42e

----------------
IN: 
0x000e8c6c:  83 c4 10                 addl     $0x10, %esp
0x000e8c6f:  85 c0                    testl    %eax, %eax
0x000e8c71:  75 0a                    jne      0xe8c7d

----------------
IN: 
0x000e8c7d:  81 c3 00 01 00 00        addl     $0x100, %ebx
0x000e8c83:  eb 84                    jmp      0xe8c09

----------------
IN: 
0x000e8c09:  31 f6                    xorl     %esi, %esi
0x000e8c0b:  89 74 24 10              movl     %esi, 0x10(%esp)
0x000e8c0f:  8d 7c 24 1c              leal     0x1c(%esp), %edi
0x000e8c13:  57                       pushl    %edi
0x000e8c14:  8d 74 24 1c              leal     0x1c(%esp), %esi
0x000e8c18:  56                       pushl    %esi
0x000e8c19:  8d 4c 24 1c              leal     0x1c(%esp), %ecx
0x000e8c1d:  8d 54 24 18              leal     0x18(%esp), %edx
0x000e8c21:  89 d8                    movl     %ebx, %eax
0x000e8c23:  e8 c8 19 00 00           calll    0xea5f0

----------------
IN: 
0x000e8c85:  83 3d f4 a1 0e 00 00     cmpl     $0, 0xea1f4
0x000e8c8c:  74 56                    je       0xe8ce4

----------------
IN: 
0x000e8ce4:  e8 71 15 00 00           calll    0xea25a

----------------
IN: 
0x000e8ce9:  85 c0                    testl    %eax, %eax
0x000e8ceb:  74 4c                    je       0xe8d39

----------------
IN: 
0x000e8d39:  e8 76 35 ff ff           calll    0xdc2b4

----------------
IN: 
0x000dc2b4:  56                       pushl    %esi
0x000dc2b5:  53                       pushl    %ebx
0x000dc2b6:  56                       pushl    %esi
0x000dc2b7:  8b 1d 04 4d 0f 00        movl     0xf4d04, %ebx
0x000dc2bd:  85 db                    testl    %ebx, %ebx
0x000dc2bf:  75 68                    jne      0xdc329

----------------
IN: 
0x000dc2c1:  31 c0                    xorl     %eax, %eax
0x000dc2c3:  ba 10 05 00 00           movl     $0x510, %edx
0x000dc2c8:  66 ef                    outw     %ax, %dx

----------------
IN: 
0x000dc2ca:  31 c9                    xorl     %ecx, %ecx
0x000dc2cc:  ba 11 05 00 00           movl     $0x511, %edx
0x000dc2d1:  ec                       inb      %dx, %al

----------------
IN: 
0x000dc2d2:  0f b6 c0                 movzbl   %al, %eax
0x000dc2d5:  0f be b1 1a 1b 0f 00     movsbl   0xf1b1a(%ecx), %esi
0x000dc2dc:  39 f0                    cmpl     %esi, %eax
0x000dc2de:  75 4e                    jne      0xdc32e

----------------
IN: 
0x000dc2e0:  41                       incl     %ecx
0x000dc2e1:  83 f9 04                 cmpl     $4, %ecx
0x000dc2e4:  75 eb                    jne      0xdc2d1

----------------
IN: 
0x000dc2d1:  ec                       inb      %dx, %al

----------------
IN: 
0x000dc2e6:  68 1f 1b 0f 00           pushl    $0xf1b1f
0x000dc2eb:  e8 32 0c 01 00           calll    0xecf22

----------------
IN: 
0x000dc2f0:  c7 05 04 4d 0f 00 01 00  movl     $1, 0xf4d04
0x000dc2f8:  00 00
0x000dc2fa:  8d 44 24 04              leal     4(%esp), %eax
0x000dc2fe:  b9 04 00 00 00           movl     $4, %ecx
0x000dc303:  ba 01 00 00 00           movl     $1, %edx
0x000dc308:  e8 c0 0a 01 00           calll    0xecdcd

----------------
IN: 
0x000ecdcd:  56                       pushl    %esi
0x000ecdce:  53                       pushl    %ebx
0x000ecdcf:  89 c3                    movl     %eax, %ebx
0x000ecdd1:  89 d0                    movl     %edx, %eax
0x000ecdd3:  83 3d 00 4d 0f 00 00     cmpl     $0, 0xf4d00
0x000ecdda:  74 13                    je       0xecdef

----------------
IN: 
0x000ecdef:  ba 10 05 00 00           movl     $0x510, %edx
0x000ecdf4:  66 ef                    outw     %ax, %dx

----------------
IN: 
0x000ecdf6:  89 ca                    movl     %ecx, %edx
0x000ecdf8:  89 d8                    movl     %ebx, %eax
0x000ecdfa:  5b                       popl     %ebx
0x000ecdfb:  5e                       popl     %esi
0x000ecdfc:  e9 a6 ff ff ff           jmp      0xecda7

----------------
IN: 
0x000ecda7:  85 d2                    testl    %edx, %edx
0x000ecda9:  74 21                    je       0xecdcc

----------------
IN: 
0x000ecdab:  83 3d 00 4d 0f 00 00     cmpl     $0, 0xf4d00
0x000ecdb2:  74 0a                    je       0xecdbe

----------------
IN: 
0x000ecdbe:  57                       pushl    %edi
0x000ecdbf:  89 d1                    movl     %edx, %ecx
0x000ecdc1:  89 c7                    movl     %eax, %edi
0x000ecdc3:  ba 11 05 00 00           movl     $0x511, %edx
0x000ecdc8:  f3 6c                    rep insb %dx, %es:(%edi)

----------------
IN: 
0x000ecdca:  5f                       popl     %edi
0x000ecdcb:  c3                       retl     

----------------
IN: 
0x000dc30d:  5b                       popl     %ebx
0x000dc30e:  f6 04 24 02              testb    $2, (%esp)
0x000dc312:  74 15                    je       0xdc329

----------------
IN: 
0x000dc314:  68 32 1b 0f 00           pushl    $0xf1b32
0x000dc319:  e8 04 0c 01 00           calll    0xecf22

----------------
IN: 
0x000dc31e:  c7 05 00 4d 0f 00 01 00  movl     $1, 0xf4d00
0x000dc326:  00 00
0x000dc328:  59                       popl     %ecx
0x000dc329:  bb 01 00 00 00           movl     $1, %ebx
0x000dc32e:  89 d8                    movl     %ebx, %eax
0x000dc330:  5a                       popl     %edx
0x000dc331:  5b                       popl     %ebx
0x000dc332:  5e                       popl     %esi
0x000dc333:  c3                       retl     

----------------
IN: 
0x000e8d3e:  85 c0                    testl    %eax, %eax
0x000e8d40:  0f 84 8c 01 00 00        je       0xe8ed2

----------------
IN: 
0x000e8d46:  b9 04 00 00 00           movl     $4, %ecx
0x000e8d4b:  ba 19 00 00 00           movl     $0x19, %edx
0x000e8d50:  89 f0                    movl     %esi, %eax
0x000e8d52:  e8 76 40 00 00           calll    0xecdcd

----------------
IN: 
0x000ecddc:  c1 e0 10                 shll     $0x10, %eax
0x000ecddf:  83 c8 0a                 orl      $0xa, %eax
0x000ecde2:  89 ca                    movl     %ecx, %edx
0x000ecde4:  89 c1                    movl     %eax, %ecx
0x000ecde6:  89 d8                    movl     %ebx, %eax
0x000ecde8:  5b                       popl     %ebx
0x000ecde9:  5e                       popl     %esi
0x000ecdea:  e9 64 ff ff ff           jmp      0xecd53

----------------
IN: 
0x000ecd53:  56                       pushl    %esi
0x000ecd54:  53                       pushl    %ebx
0x000ecd55:  83 ec 10                 subl     $0x10, %esp
0x000ecd58:  89 d6                    movl     %edx, %esi
0x000ecd5a:  89 cb                    movl     %ecx, %ebx
0x000ecd5c:  31 d2                    xorl     %edx, %edx
0x000ecd5e:  e8 4e de ff ff           calll    0xeabb1

----------------
IN: 
0x000eabb1:  89 d1                    movl     %edx, %ecx
0x000eabb3:  0f c9                    bswapl   %ecx
0x000eabb5:  89 c2                    movl     %eax, %edx
0x000eabb7:  0f ca                    bswapl   %edx
0x000eabb9:  89 c8                    movl     %ecx, %eax
0x000eabbb:  c3                       retl     

----------------
IN: 
0x000ecd63:  89 44 24 08              movl     %eax, 8(%esp)
0x000ecd67:  89 54 24 0c              movl     %edx, 0xc(%esp)
0x000ecd6b:  89 f0                    movl     %esi, %eax
0x000ecd6d:  e8 83 e2 ff ff           calll    0xeaff5

----------------
IN: 
0x000eaff5:  0f c8                    bswapl   %eax
0x000eaff7:  c3                       retl     

----------------
IN: 
0x000ecd72:  89 44 24 04              movl     %eax, 4(%esp)
0x000ecd76:  89 d8                    movl     %ebx, %eax
0x000ecd78:  e8 78 e2 ff ff           calll    0xeaff5

----------------
IN: 
0x000ecd7d:  89 04 24                 movl     %eax, (%esp)
0x000ecd80:  89 e0                    movl     %esp, %eax
0x000ecd82:  e8 6e e2 ff ff           calll    0xeaff5

----------------
IN: 
0x000ecd87:  ba 18 05 00 00           movl     $0x518, %edx
0x000ecd8c:  ef                       outl     %eax, %dx

----------------
IN: 
0x000ecd8d:  8b 04 24                 movl     (%esp), %eax
0x000ecd90:  e8 60 e2 ff ff           calll    0xeaff5

----------------
IN: 
0x000ecd95:  83 f8 01                 cmpl     $1, %eax
0x000ecd98:  76 07                    jbe      0xecda1

----------------
IN: 
0x000ecda1:  83 c4 10                 addl     $0x10, %esp
0x000ecda4:  5b                       popl     %ebx
0x000ecda5:  5e                       popl     %esi
0x000ecda6:  c3                       retl     

----------------
IN: 
0x000e8d57:  8b 44 24 18              movl     0x18(%esp), %eax
0x000e8d5b:  e8 95 22 00 00           calll    0xeaff5

----------------
IN: 
0x000e8d60:  89 44 24 18              movl     %eax, 0x18(%esp)
0x000e8d64:  31 db                    xorl     %ebx, %ebx
0x000e8d66:  3b 5c 24 18              cmpl     0x18(%esp), %ebx
0x000e8d6a:  73 31                    jae      0xe8d9d

----------------
IN: 
0x000e8d6c:  8d 44 24 30              leal     0x30(%esp), %eax
0x000e8d70:  ba 40 00 00 00           movl     $0x40, %edx
0x000e8d75:  e8 2d 40 00 00           calll    0xecda7

----------------
IN: 
0x000ecdb4:  b9 02 00 00 00           movl     $2, %ecx
0x000ecdb9:  e9 95 ff ff ff           jmp      0xecd53

----------------
IN: 
0x000e8d7a:  8d 44 24 38              leal     0x38(%esp), %eax
0x000e8d7e:  b9 09 00 00 00           movl     $9, %ecx
0x000e8d83:  ba dc 1f 0f 00           movl     $0xf1fdc, %edx
0x000e8d88:  e8 80 16 00 00           calll    0xea40d

----------------
IN: 
0x000ea40d:  01 c1                    addl     %eax, %ecx
0x000ea40f:  39 c8                    cmpl     %ecx, %eax
0x000ea411:  75 03                    jne      0xea416

----------------
IN: 
0x000ea416:  53                       pushl    %ebx
0x000ea417:  8a 1a                    movb     (%edx), %bl
0x000ea419:  38 18                    cmpb     %bl, (%eax)
0x000ea41b:  74 07                    je       0xea424

----------------
IN: 
0x000ea41d:  19 c0                    sbbl     %eax, %eax
0x000ea41f:  83 c8 01                 orl      $1, %eax
0x000ea422:  eb 08                    jmp      0xea42c

----------------
IN: 
0x000ea42c:  5b                       popl     %ebx
0x000ea42d:  c3                       retl     

----------------
IN: 
0x000e8d8d:  85 c0                    testl    %eax, %eax
0x000e8d8f:  74 03                    je       0xe8d94

----------------
IN: 
0x000e8d91:  43                       incl     %ebx
0x000e8d92:  eb d2                    jmp      0xe8d66

----------------
IN: 
0x000e8d66:  3b 5c 24 18              cmpl     0x18(%esp), %ebx
0x000e8d6a:  73 31                    jae      0xe8d9d

----------------
IN: 
0x000ea424:  40                       incl     %eax
0x000ea425:  42                       incl     %edx
0x000ea426:  39 c8                    cmpl     %ecx, %eax
0x000ea428:  75 ed                    jne      0xea417

----------------
IN: 
0x000ea417:  8a 1a                    movb     (%edx), %bl
0x000ea419:  38 18                    cmpb     %bl, (%eax)
0x000ea41b:  74 07                    je       0xea424

----------------
IN: 
0x000ea42a:  31 c0                    xorl     %eax, %eax
0x000ea42c:  5b                       popl     %ebx
0x000ea42d:  c3                       retl     

----------------
IN: 
0x000e8d94:  8b 54 24 34              movl     0x34(%esp), %edx
0x000e8d98:  66 85 d2                 testw    %dx, %dx
0x000e8d9b:  75 10                    jne      0xe8dad

----------------
IN: 
0x000e8dad:  8b 44 24 30              movl     0x30(%esp), %eax
0x000e8db1:  e8 3f 22 00 00           calll    0xeaff5

----------------
IN: 
0x000e8db6:  89 c1                    movl     %eax, %ecx
0x000e8db8:  89 d0                    movl     %edx, %eax
0x000e8dba:  86 e0                    xchgb    %ah, %al
0x000e8dbc:  ba 10 05 00 00           movl     $0x510, %edx
0x000e8dc1:  66 ef                    outw     %ax, %dx

----------------
IN: 
0x000e8dc3:  bb 14 00 00 00           movl     $0x14, %ebx
0x000e8dc8:  89 c8                    movl     %ecx, %eax
0x000e8dca:  31 d2                    xorl     %edx, %edx
0x000e8dcc:  f7 f3                    divl     %ebx
0x000e8dce:  89 44 24 18              movl     %eax, 0x18(%esp)
0x000e8dd2:  31 ed                    xorl     %ebp, %ebp
0x000e8dd4:  3b 6c 24 18              cmpl     0x18(%esp), %ebp
0x000e8dd8:  0f 83 5a 01 00 00        jae      0xe8f38

----------------
IN: 
0x000e8dde:  8d 44 24 1c              leal     0x1c(%esp), %eax
0x000e8de2:  ba 14 00 00 00           movl     $0x14, %edx
0x000e8de7:  e8 bb 3f 00 00           calll    0xecda7

----------------
IN: 
0x000e8dec:  8b 44 24 2c              movl     0x2c(%esp), %eax
0x000e8df0:  83 f8 01                 cmpl     $1, %eax
0x000e8df3:  74 42                    je       0xe8e37

----------------
IN: 
0x000e8df5:  83 f8 02                 cmpl     $2, %eax
0x000e8df8:  0f 85 ce 00 00 00        jne      0xe8ecc

----------------
IN: 
0x000e8dfe:  6a 02                    pushl    $2
0x000e8e00:  ff 74 24 2c              pushl    0x2c(%esp)
0x000e8e04:  ff 74 24 2c              pushl    0x2c(%esp)
0x000e8e08:  8b 44 24 28              movl     0x28(%esp), %eax
0x000e8e0c:  8b 54 24 2c              movl     0x2c(%esp), %edx
0x000e8e10:  e8 62 fd fe ff           calll    0xd8b77

----------------
IN: 
0x000d8b77:  57                       pushl    %edi
0x000d8b78:  56                       pushl    %esi
0x000d8b79:  89 c6                    movl     %eax, %esi
0x000d8b7b:  89 d7                    movl     %edx, %edi
0x000d8b7d:  8b 4c 24 0c              movl     0xc(%esp), %ecx
0x000d8b81:  8b 54 24 10              movl     0x10(%esp), %edx
0x000d8b85:  8b 44 24 14              movl     0x14(%esp), %eax
0x000d8b89:  85 d2                    testl    %edx, %edx
0x000d8b8b:  75 04                    jne      0xd8b91

----------------
IN: 
0x000d8b91:  89 44 24 14              movl     %eax, 0x14(%esp)
0x000d8b95:  89 4c 24 0c              movl     %ecx, 0xc(%esp)
0x000d8b99:  89 54 24 10              movl     %edx, 0x10(%esp)
0x000d8b9d:  89 f0                    movl     %esi, %eax
0x000d8b9f:  89 fa                    movl     %edi, %edx
0x000d8ba1:  5e                       popl     %esi
0x000d8ba2:  5f                       popl     %edi
0x000d8ba3:  e9 0b fe ff ff           jmp      0xd89b3

----------------
IN: 
0x000d89b3:  55                       pushl    %ebp
0x000d89b4:  57                       pushl    %edi
0x000d89b5:  56                       pushl    %esi
0x000d89b6:  53                       pushl    %ebx
0x000d89b7:  83 ec 24                 subl     $0x24, %esp
0x000d89ba:  89 44 24 04              movl     %eax, 4(%esp)
0x000d89be:  89 54 24 08              movl     %edx, 8(%esp)
0x000d89c2:  8b 44 24 38              movl     0x38(%esp), %eax
0x000d89c6:  8b 54 24 3c              movl     0x3c(%esp), %edx
0x000d89ca:  89 44 24 14              movl     %eax, 0x14(%esp)
0x000d89ce:  89 54 24 18              movl     %edx, 0x18(%esp)
0x000d89d2:  8b 44 24 40              movl     0x40(%esp), %eax
0x000d89d6:  89 44 24 1c              movl     %eax, 0x1c(%esp)
0x000d89da:  8b 35 44 56 0f 00        movl     0xf5644, %esi
0x000d89e0:  31 c0                    xorl     %eax, %eax
0x000d89e2:  89 04 24                 movl     %eax, (%esp)
0x000d89e5:  39 34 24                 cmpl     %esi, (%esp)
0x000d89e8:  0f 8d 4b 01 00 00        jge      0xd8b39

----------------
IN: 
0x000d8b39:  83 7c 24 1c ff           cmpl     $-1, 0x1c(%esp)
0x000d8b3e:  74 2f                    je       0xd8b6f

----------------
IN: 
0x000d8b40:  8b 44 24 1c              movl     0x1c(%esp), %eax
0x000d8b44:  89 44 24 40              movl     %eax, 0x40(%esp)
0x000d8b48:  8b 44 24 14              movl     0x14(%esp), %eax
0x000d8b4c:  8b 54 24 18              movl     0x18(%esp), %edx
0x000d8b50:  89 44 24 38              movl     %eax, 0x38(%esp)
0x000d8b54:  89 54 24 3c              movl     %edx, 0x3c(%esp)
0x000d8b58:  8b 54 24 04              movl     4(%esp), %edx
0x000d8b5c:  8b 4c 24 08              movl     8(%esp), %ecx
0x000d8b60:  8b 04 24                 movl     (%esp), %eax
0x000d8b63:  83 c4 24                 addl     $0x24, %esp
0x000d8b66:  5b                       popl     %ebx
0x000d8b67:  5e                       popl     %esi
0x000d8b68:  5f                       popl     %edi
0x000d8b69:  5d                       popl     %ebp
0x000d8b6a:  e9 a8 fd ff ff           jmp      0xd8917

----------------
IN: 
0x000d8917:  55                       pushl    %ebp
0x000d8918:  57                       pushl    %edi
0x000d8919:  56                       pushl    %esi
0x000d891a:  53                       pushl    %ebx
0x000d891b:  83 ec 10                 subl     $0x10, %esp
0x000d891e:  8b 7c 24 24              movl     0x24(%esp), %edi
0x000d8922:  8b 6c 24 28              movl     0x28(%esp), %ebp
0x000d8926:  89 3c 24                 movl     %edi, (%esp)
0x000d8929:  89 6c 24 04              movl     %ebp, 4(%esp)
0x000d892d:  8b 7c 24 2c              movl     0x2c(%esp), %edi
0x000d8931:  8b 1d 44 56 0f 00        movl     0xf5644, %ebx
0x000d8937:  83 fb 7f                 cmpl     $0x7f, %ebx
0x000d893a:  7e 16                    jle      0xd8952

----------------
IN: 
0x000d8952:  89 54 24 08              movl     %edx, 8(%esp)
0x000d8956:  89 4c 24 0c              movl     %ecx, 0xc(%esp)
0x000d895a:  6b f0 14                 imull    $0x14, %eax, %esi
0x000d895d:  89 d9                    movl     %ebx, %ecx
0x000d895f:  29 c1                    subl     %eax, %ecx
0x000d8961:  6b c9 14                 imull    $0x14, %ecx, %ecx
0x000d8964:  8d ae 60 56 0f 00        leal     0xf5660(%esi), %ebp
0x000d896a:  8d 86 74 56 0f 00        leal     0xf5674(%esi), %eax
0x000d8970:  89 ea                    movl     %ebp, %edx
0x000d8972:  e8 53 f7 ff ff           calll    0xd80ca

----------------
IN: 
0x000d80ca:  57                       pushl    %edi
0x000d80cb:  56                       pushl    %esi
0x000d80cc:  89 d6                    movl     %edx, %esi
0x000d80ce:  39 c2                    cmpl     %eax, %edx
0x000d80d0:  72 06                    jb       0xd80d8

----------------
IN: 
0x000d80d8:  85 c9                    testl    %ecx, %ecx
0x000d80da:  74 09                    je       0xd80e5

----------------
IN: 
0x000d80e5:  5e                       popl     %esi
0x000d80e6:  5f                       popl     %edi
0x000d80e7:  c3                       retl     

----------------
IN: 
0x000d8977:  43                       incl     %ebx
0x000d8978:  89 1d 44 56 0f 00        movl     %ebx, 0xf5644
0x000d897e:  8b 44 24 08              movl     8(%esp), %eax
0x000d8982:  8b 54 24 0c              movl     0xc(%esp), %edx
0x000d8986:  89 86 60 56 0f 00        movl     %eax, 0xf5660(%esi)
0x000d898c:  89 96 64 56 0f 00        movl     %edx, 0xf5664(%esi)
0x000d8992:  8b 04 24                 movl     (%esp), %eax
0x000d8995:  8b 54 24 04              movl     4(%esp), %edx
0x000d8999:  89 86 68 56 0f 00        movl     %eax, 0xf5668(%esi)
0x000d899f:  89 96 6c 56 0f 00        movl     %edx, 0xf566c(%esi)
0x000d89a5:  89 be 70 56 0f 00        movl     %edi, 0xf5670(%esi)
0x000d89ab:  83 c4 10                 addl     $0x10, %esp
0x000d89ae:  5b                       popl     %ebx
0x000d89af:  5e                       popl     %esi
0x000d89b0:  5f                       popl     %edi
0x000d89b1:  5d                       popl     %ebp
0x000d89b2:  c3                       retl     

----------------
IN: 
0x000e8e15:  ff 74 24 34              pushl    0x34(%esp)
0x000e8e19:  ff 74 24 34              pushl    0x34(%esp)
0x000e8e1d:  ff 74 24 34              pushl    0x34(%esp)
0x000e8e21:  ff 74 24 34              pushl    0x34(%esp)
0x000e8e25:  68 29 41 0f 00           pushl    $0xf4129
0x000e8e2a:  e8 f3 40 00 00           calll    0xecf22

----------------
IN: 
0x000ec70f:  85 c9                    testl    %ecx, %ecx
0x000ec711:  75 04                    jne      0xec717

----------------
IN: 
0x000ec713:  3c 30                    cmpb     $0x30, %al
0x000ec715:  74 09                    je       0xec720

----------------
IN: 
0x000ec720:  c6 04 24 30              movb     $0x30, (%esp)
0x000ec724:  31 c9                    xorl     %ecx, %ecx
0x000ec726:  46                       incl     %esi
0x000ec727:  eb db                    jmp      0xec704

----------------
IN: 
0x000ec704:  0f b6 06                 movzbl   (%esi), %eax
0x000ec707:  8d 50 d0                 leal     -0x30(%eax), %edx
0x000ec70a:  80 fa 09                 cmpb     $9, %dl
0x000ec70d:  77 1a                    ja       0xec729

----------------
IN: 
0x000ec717:  6b c9 0a                 imull    $0xa, %ecx, %ecx
0x000ec71a:  8d 4c 01 d0              leal     -0x30(%ecx, %eax), %ecx
0x000ec71e:  eb 06                    jmp      0xec726

----------------
IN: 
0x000ec726:  46                       incl     %esi
0x000ec727:  eb db                    jmp      0xec704

----------------
IN: 
0x000ec72f:  8a 46 01                 movb     1(%esi), %al
0x000ec732:  3c 6c                    cmpb     $0x6c, %al
0x000ec734:  74 03                    je       0xec739

----------------
IN: 
0x000ec739:  8a 46 02                 movb     2(%esi), %al
0x000ec73c:  83 c6 02                 addl     $2, %esi
0x000ec73f:  b2 01                    movb     $1, %dl
0x000ec741:  3c 64                    cmpb     $0x64, %al
0x000ec743:  74 68                    je       0xec7ad

----------------
IN: 
0x000ec88f:  8d 53 08                 leal     8(%ebx), %edx
0x000ec892:  89 14 24                 movl     %edx, (%esp)
0x000ec895:  8b 53 04                 movl     4(%ebx), %edx
0x000ec898:  85 d2                    testl    %edx, %edx
0x000ec89a:  74 28                    je       0xec8c4

----------------
IN: 
0x000ec89c:  83 e9 08                 subl     $8, %ecx
0x000ec89f:  57                       pushl    %edi
0x000ec8a0:  50                       pushl    %eax
0x000ec8a1:  89 e8                    movl     %ebp, %eax
0x000ec8a3:  e8 03 db ff ff           calll    0xea3ab

----------------
IN: 
0x000ea3d7:  4b                       decl     %ebx
0x000ea3d8:  89 fa                    movl     %edi, %edx
0x000ea3da:  89 44 24 04              movl     %eax, 4(%esp)
0x000ea3de:  e8 b8 fe ff ff           calll    0xea29b

----------------
IN: 
0x000ea3e3:  8b 44 24 04              movl     4(%esp), %eax
0x000ea3e7:  eb ea                    jmp      0xea3d3

----------------
IN: 
0x000ea3d3:  85 db                    testl    %ebx, %ebx
0x000ea3d5:  7e 12                    jle      0xea3e9

----------------
IN: 
0x000ea323:  ff 24 8d 98 43 0f 00     jmpl     *0xf4398(, %ecx, 4)

----------------
IN: 
0x000ea2fd:  8d 52 57                 leal     0x57(%edx), %edx
0x000ea300:  85 c9                    testl    %ecx, %ecx
0x000ea302:  74 03                    je       0xea307

----------------
IN: 
0x000ec8a8:  57                       pushl    %edi
0x000ec8a9:  b9 08 00 00 00           movl     $8, %ecx
0x000ec8ae:  8b 54 24 10              movl     0x10(%esp), %edx
0x000ec8b2:  89 e8                    movl     %ebp, %eax
0x000ec8b4:  e8 59 da ff ff           calll    0xea312

----------------
IN: 
0x000ec8b9:  83 c4 0c                 addl     $0xc, %esp
0x000ec8bc:  eb 15                    jmp      0xec8d3

----------------
IN: 
0x000ec8d3:  8b 1c 24                 movl     (%esp), %ebx
0x000ec8d6:  eb 53                    jmp      0xec92b

----------------
IN: 
0x000e8e2f:  83 c4 20                 addl     $0x20, %esp
0x000e8e32:  e9 95 00 00 00           jmp      0xe8ecc

----------------
IN: 
0x000e8ecc:  45                       incl     %ebp
0x000e8ecd:  e9 02 ff ff ff           jmp      0xe8dd4

----------------
IN: 
0x000e8dd4:  3b 6c 24 18              cmpl     0x18(%esp), %ebp
0x000e8dd8:  0f 83 5a 01 00 00        jae      0xe8f38

----------------
IN: 
0x000e8e37:  6a 01                    pushl    $1
0x000e8e39:  ff 74 24 2c              pushl    0x2c(%esp)
0x000e8e3d:  ff 74 24 2c              pushl    0x2c(%esp)
0x000e8e41:  8b 44 24 28              movl     0x28(%esp), %eax
0x000e8e45:  8b 54 24 2c              movl     0x2c(%esp), %edx
0x000e8e49:  e8 29 fd fe ff           calll    0xd8b77

----------------
IN: 
0x000d8b8d:  85 c9                    testl    %ecx, %ecx
0x000d8b8f:  74 17                    je       0xd8ba8

----------------
IN: 
0x000d89ee:  6b 0c 24 14              imull    $0x14, (%esp), %ecx
0x000d89f2:  8b 81 60 56 0f 00        movl     0xf5660(%ecx), %eax
0x000d89f8:  8b 91 64 56 0f 00        movl     0xf5664(%ecx), %edx
0x000d89fe:  89 c7                    movl     %eax, %edi
0x000d8a00:  89 d5                    movl     %edx, %ebp
0x000d8a02:  03 b9 68 56 0f 00        addl     0xf5668(%ecx), %edi
0x000d8a08:  13 a9 6c 56 0f 00        adcl     0xf566c(%ecx), %ebp
0x000d8a0e:  89 7c 24 0c              movl     %edi, 0xc(%esp)
0x000d8a12:  89 6c 24 10              movl     %ebp, 0x10(%esp)
0x000d8a16:  8b 5c 24 04              movl     4(%esp), %ebx
0x000d8a1a:  39 5c 24 0c              cmpl     %ebx, 0xc(%esp)
0x000d8a1e:  8b 5c 24 10              movl     0x10(%esp), %ebx
0x000d8a22:  1b 5c 24 08              sbbl     8(%esp), %ebx
0x000d8a26:  73 05                    jae      0xd8a2d

----------------
IN: 
0x000d8a2d:  8b 7c 24 14              movl     0x14(%esp), %edi
0x000d8a31:  8b 6c 24 18              movl     0x18(%esp), %ebp
0x000d8a35:  03 7c 24 04              addl     4(%esp), %edi
0x000d8a39:  13 6c 24 08              adcl     8(%esp), %ebp
0x000d8a3d:  3b 44 24 04              cmpl     4(%esp), %eax
0x000d8a41:  89 d6                    movl     %edx, %esi
0x000d8a43:  1b 74 24 08              sbbl     8(%esp), %esi
0x000d8a47:  73 77                    jae      0xd8ac0

----------------
IN: 
0x000d8ac0:  6b 34 24 14              imull    $0x14, (%esp), %esi
0x000d8ac4:  8b 04 24                 movl     (%esp), %eax
0x000d8ac7:  3b 05 44 56 0f 00        cmpl     0xf5644, %eax
0x000d8acd:  7d 6a                    jge      0xd8b39

----------------
IN: 
0x000d8acf:  8b 86 60 56 0f 00        movl     0xf5660(%esi), %eax
0x000d8ad5:  8b 96 64 56 0f 00        movl     0xf5664(%esi), %edx
0x000d8adb:  39 c7                    cmpl     %eax, %edi
0x000d8add:  89 e9                    movl     %ebp, %ecx
0x000d8adf:  19 d1                    sbbl     %edx, %ecx
0x000d8ae1:  72 56                    jb       0xd8b39

----------------
IN: 
0x000d80dc:  49                       decl     %ecx
0x000d80dd:  8a 14 0e                 movb     (%esi, %ecx), %dl
0x000d80e0:  88 14 08                 movb     %dl, (%eax, %ecx)
0x000d80e3:  eb f3                    jmp      0xd80d8

----------------
IN: 
0x000e8e4e:  ff 74 24 34              pushl    0x34(%esp)
0x000e8e52:  ff 74 24 34              pushl    0x34(%esp)
0x000e8e56:  ff 74 24 34              pushl    0x34(%esp)
0x000e8e5a:  ff 74 24 34              pushl    0x34(%esp)
0x000e8e5e:  68 5d 41 0f 00           pushl    $0xf415d
0x000e8e63:  e8 ba 40 00 00           calll    0xecf22

----------------
IN: 
0x000ec8c4:  57                       pushl    %edi
0x000ec8c5:  50                       pushl    %eax
0x000ec8c6:  8b 54 24 0c              movl     0xc(%esp), %edx
0x000ec8ca:  89 e8                    movl     %ebp, %eax
0x000ec8cc:  e8 da da ff ff           calll    0xea3ab

----------------
IN: 
0x000e8e68:  8b 4c 24 3c              movl     0x3c(%esp), %ecx
0x000e8e6c:  8b 5c 24 40              movl     0x40(%esp), %ebx
0x000e8e70:  8b 44 24 44              movl     0x44(%esp), %eax
0x000e8e74:  8b 54 24 48              movl     0x48(%esp), %edx
0x000e8e78:  89 44 24 20              movl     %eax, 0x20(%esp)
0x000e8e7c:  89 54 24 24              movl     %edx, 0x24(%esp)
0x000e8e80:  89 c8                    movl     %ecx, %eax
0x000e8e82:  89 da                    movl     %ebx, %edx
0x000e8e84:  03 44 24 20              addl     0x20(%esp), %eax
0x000e8e88:  13 54 24 24              adcl     0x24(%esp), %edx
0x000e8e8c:  83 c4 20                 addl     $0x20, %esp
0x000e8e8f:  83 fb 00                 cmpl     $0, %ebx
0x000e8e92:  77 18                    ja       0xe8eac

----------------
IN: 
0x000e8e94:  31 ff                    xorl     %edi, %edi
0x000e8e96:  39 05 08 a2 0e 00        cmpl     %eax, 0xea208
0x000e8e9c:  19 d7                    sbbl     %edx, %edi
0x000e8e9e:  73 2c                    jae      0xe8ecc

----------------
IN: 
0x000e8ea0:  8b 04 24                 movl     (%esp), %eax
0x000e8ea3:  01 c8                    addl     %ecx, %eax
0x000e8ea5:  a3 08 a2 0e 00           movl     %eax, 0xea208
0x000e8eaa:  eb 20                    jmp      0xe8ecc

----------------
IN: 
0x000e8f38:  6a 02                    pushl    $2
0x000e8f3a:  6a 00                    pushl    $0
0x000e8f3c:  68 00 00 04 00           pushl    $0x40000
0x000e8f41:  b8 00 00 fc ff           movl     $0xfffc0000, %eax
0x000e8f46:  31 d2                    xorl     %edx, %edx
0x000e8f48:  e8 66 fa fe ff           calll    0xd89b3

----------------
IN: 
0x000d8a28:  ff 04 24                 incl     (%esp)
0x000d8a2b:  eb b8                    jmp      0xd89e5

----------------
IN: 
0x000d89e5:  39 34 24                 cmpl     %esi, (%esp)
0x000d89e8:  0f 8d 4b 01 00 00        jge      0xd8b39

----------------
IN: 
0x000e8f4d:  83 c4 0c                 addl     $0xc, %esp
0x000e8f50:  6a ff                    pushl    $-1
0x000e8f52:  6a 00                    pushl    $0
0x000e8f54:  68 00 00 05 00           pushl    $0x50000
0x000e8f59:  b8 00 00 0a 00           movl     $0xa0000, %eax
0x000e8f5e:  31 d2                    xorl     %edx, %edx
0x000e8f60:  e8 4e fa fe ff           calll    0xd89b3

----------------
IN: 
0x000d8a49:  8b 99 70 56 0f 00        movl     0xf5670(%ecx), %ebx
0x000d8a4f:  89 5c 24 20              movl     %ebx, 0x20(%esp)
0x000d8a53:  8b 5c 24 1c              movl     0x1c(%esp), %ebx
0x000d8a57:  39 5c 24 20              cmpl     %ebx, 0x20(%esp)
0x000d8a5b:  75 1a                    jne      0xd8a77

----------------
IN: 
0x000d8a77:  8b 5c 24 04              movl     4(%esp), %ebx
0x000d8a7b:  8b 74 24 08              movl     8(%esp), %esi
0x000d8a7f:  29 c3                    subl     %eax, %ebx
0x000d8a81:  19 d6                    sbbl     %edx, %esi
0x000d8a83:  89 99 68 56 0f 00        movl     %ebx, 0xf5668(%ecx)
0x000d8a89:  89 b1 6c 56 0f 00        movl     %esi, 0xf566c(%ecx)
0x000d8a8f:  ff 04 24                 incl     (%esp)
0x000d8a92:  3b 7c 24 0c              cmpl     0xc(%esp), %edi
0x000d8a96:  89 e8                    movl     %ebp, %eax
0x000d8a98:  1b 44 24 10              sbbl     0x10(%esp), %eax
0x000d8a9c:  73 22                    jae      0xd8ac0

----------------
IN: 
0x000d8a9e:  ff 74 24 20              pushl    0x20(%esp)
0x000d8aa2:  8b 44 24 10              movl     0x10(%esp), %eax
0x000d8aa6:  8b 54 24 14              movl     0x14(%esp), %edx
0x000d8aaa:  29 f8                    subl     %edi, %eax
0x000d8aac:  19 ea                    sbbl     %ebp, %edx
0x000d8aae:  52                       pushl    %edx
0x000d8aaf:  50                       pushl    %eax
0x000d8ab0:  89 fa                    movl     %edi, %edx
0x000d8ab2:  89 e9                    movl     %ebp, %ecx
0x000d8ab4:  8b 44 24 0c              movl     0xc(%esp), %eax
0x000d8ab8:  e8 5a fe ff ff           calll    0xd8917

----------------
IN: 
0x000d8abd:  83 c4 0c                 addl     $0xc, %esp
0x000d8ac0:  6b 34 24 14              imull    $0x14, (%esp), %esi
0x000d8ac4:  8b 04 24                 movl     (%esp), %eax
0x000d8ac7:  3b 05 44 56 0f 00        cmpl     0xf5644, %eax
0x000d8acd:  7d 6a                    jge      0xd8b39

----------------
IN: 
0x000d8ae3:  03 86 68 56 0f 00        addl     0xf5668(%esi), %eax
0x000d8ae9:  13 96 6c 56 0f 00        adcl     0xf566c(%esi), %edx
0x000d8aef:  39 c7                    cmpl     %eax, %edi
0x000d8af1:  89 e9                    movl     %ebp, %ecx
0x000d8af3:  19 d1                    sbbl     %edx, %ecx
0x000d8af5:  72 0a                    jb       0xd8b01

----------------
IN: 
0x000d8b01:  89 be 60 56 0f 00        movl     %edi, 0xf5660(%esi)
0x000d8b07:  89 ae 64 56 0f 00        movl     %ebp, 0xf5664(%esi)
0x000d8b0d:  29 f8                    subl     %edi, %eax
0x000d8b0f:  19 ea                    sbbl     %ebp, %edx
0x000d8b11:  89 86 68 56 0f 00        movl     %eax, 0xf5668(%esi)
0x000d8b17:  89 96 6c 56 0f 00        movl     %edx, 0xf566c(%esi)
0x000d8b1d:  8b 4c 24 1c              movl     0x1c(%esp), %ecx
0x000d8b21:  3b 8e 70 56 0f 00        cmpl     0xf5670(%esi), %ecx
0x000d8b27:  75 10                    jne      0xd8b39

----------------
IN: 
0x000d8b6f:  83 c4 24                 addl     $0x24, %esp
0x000d8b72:  5b                       popl     %ebx
0x000d8b73:  5e                       popl     %esi
0x000d8b74:  5f                       popl     %edi
0x000d8b75:  5d                       popl     %ebp
0x000d8b76:  c3                       retl     

----------------
IN: 
0x000e8f65:  6a 02                    pushl    $2
0x000e8f67:  6a 00                    pushl    $0
0x000e8f69:  68 00 00 01 00           pushl    $0x10000
0x000e8f6e:  b8 00 00 0f 00           movl     $0xf0000, %eax
0x000e8f73:  31 d2                    xorl     %edx, %edx
0x000e8f75:  e8 39 fa fe ff           calll    0xd89b3

----------------
IN: 
0x000e8f7a:  a1 44 56 0f 00           movl     0xf5644, %eax
0x000e8f7f:  8d 78 ff                 leal     -1(%eax), %edi
0x000e8f82:  83 c4 18                 addl     $0x18, %esp
0x000e8f85:  31 f6                    xorl     %esi, %esi
0x000e8f87:  31 db                    xorl     %ebx, %ebx
0x000e8f89:  85 ff                    testl    %edi, %edi
0x000e8f8b:  0f 88 a4 00 00 00        js       0xe9035

----------------
IN: 
0x000e8f91:  6b cf 14                 imull    $0x14, %edi, %ecx
0x000e8f94:  8b 81 60 56 0f 00        movl     0xf5660(%ecx), %eax
0x000e8f9a:  8b 91 64 56 0f 00        movl     0xf5664(%ecx), %edx
0x000e8fa0:  89 44 24 08              movl     %eax, 8(%esp)
0x000e8fa4:  89 54 24 0c              movl     %edx, 0xc(%esp)
0x000e8fa8:  03 81 68 56 0f 00        addl     0xf5668(%ecx), %eax
0x000e8fae:  13 91 6c 56 0f 00        adcl     0xf566c(%ecx), %edx
0x000e8fb4:  89 04 24                 movl     %eax, (%esp)
0x000e8fb7:  89 54 24 04              movl     %edx, 4(%esp)
0x000e8fbb:  bd ff ff 0f 00           movl     $0xfffff, %ebp
0x000e8fc0:  3b 2c 24                 cmpl     (%esp), %ebp
0x000e8fc3:  bd 00 00 00 00           movl     $0, %ebp
0x000e8fc8:  1b 6c 24 04              sbbl     4(%esp), %ebp
0x000e8fcc:  73 67                    jae      0xe9035

----------------
IN: 
0x000e8fce:  83 b9 70 56 0f 00 01     cmpl     $1, 0xf5670(%ecx)
0x000e8fd5:  75 58                    jne      0xe902f

----------------
IN: 
0x000e902f:  4f                       decl     %edi
0x000e9030:  e9 54 ff ff ff           jmp      0xe8f89

----------------
IN: 
0x000e8f89:  85 ff                    testl    %edi, %edi
0x000e8f8b:  0f 88 a4 00 00 00        js       0xe9035

----------------
IN: 
0x000e8fd7:  83 7c 24 04 00           cmpl     $0, 4(%esp)
0x000e8fdc:  77 51                    ja       0xe902f

----------------
IN: 
0x000e8fde:  8b 54 24 08              movl     8(%esp), %edx
0x000e8fe2:  8b 0c 24                 movl     (%esp), %ecx
0x000e8fe5:  85 db                    testl    %ebx, %ebx
0x000e8fe7:  75 3c                    jne      0xe9025

----------------
IN: 
0x000e8fe9:  8d 81 00 00 00 ff        leal     -0x1000000(%ecx), %eax
0x000e8fef:  83 e0 f0                 andl     $0xfffffff0, %eax
0x000e8ff2:  39 c1                    cmpl     %eax, %ecx
0x000e8ff4:  72 0a                    jb       0xe9000

----------------
IN: 
0x000e8ff6:  8d aa 00 00 00 01        leal     0x1000000(%edx), %ebp
0x000e8ffc:  39 e8                    cmpl     %ebp, %eax
0x000e8ffe:  73 1c                    jae      0xe901c

----------------
IN: 
0x000e901c:  89 c3                    movl     %eax, %ebx
0x000e901e:  89 c1                    movl     %eax, %ecx
0x000e9020:  be 00 00 00 01           movl     $0x1000000, %esi
0x000e9025:  b8 58 a1 0e 00           movl     $0xea158, %eax
0x000e902a:  e8 6e fd fe ff           calll    0xd8d9d

----------------
IN: 
0x000d8d9d:  53                       pushl    %ebx
0x000d8d9e:  83 ec 2c                 subl     $0x2c, %esp
0x000d8da1:  89 d3                    movl     %edx, %ebx
0x000d8da3:  89 c2                    movl     %eax, %edx
0x000d8da5:  8b 00                    movl     (%eax), %eax
0x000d8da7:  85 c0                    testl    %eax, %eax
0x000d8da9:  75 35                    jne      0xd8de0

----------------
IN: 
0x000d8dab:  c7 44 24 28 ff ff ff ff  movl     $0xffffffff, 0x28(%esp)
0x000d8db3:  89 5c 24 1c              movl     %ebx, 0x1c(%esp)
0x000d8db7:  89 4c 24 20              movl     %ecx, 0x20(%esp)
0x000d8dbb:  31 c0                    xorl     %eax, %eax
0x000d8dbd:  89 44 24 24              movl     %eax, 0x24(%esp)
0x000d8dc1:  8d 44 24 14              leal     0x14(%esp), %eax
0x000d8dc5:  e8 a7 d5 ff ff           calll    0xd6371

----------------
IN: 
0x000d6371:  8b 0a                    movl     (%edx), %ecx
0x000d6373:  89 50 04                 movl     %edx, 4(%eax)
0x000d6376:  89 08                    movl     %ecx, (%eax)
0x000d6378:  85 c9                    testl    %ecx, %ecx
0x000d637a:  74 03                    je       0xd637f

----------------
IN: 
0x000d637f:  89 02                    movl     %eax, (%edx)
0x000d6381:  c3                       retl     

----------------
IN: 
0x000d8dca:  89 e0                    movl     %esp, %eax
0x000d8dcc:  e8 da fd ff ff           calll    0xd8bab

----------------
IN: 
0x000d8bab:  55                       pushl    %ebp
0x000d8bac:  57                       pushl    %edi
0x000d8bad:  56                       pushl    %esi
0x000d8bae:  53                       pushl    %ebx
0x000d8baf:  89 c3                    movl     %eax, %ebx
0x000d8bb1:  50                       pushl    %eax
0x000d8bb2:  b9 10 00 00 00           movl     $0x10, %ecx
0x000d8bb7:  ba 2c 00 00 00           movl     $0x2c, %edx
0x000d8bbc:  a1 58 a1 0e 00           movl     0xea158, %eax
0x000d8bc1:  e8 c1 f5 ff ff           calll    0xd8187

----------------
IN: 
0x000d8187:  55                       pushl    %ebp
0x000d8188:  57                       pushl    %edi
0x000d8189:  56                       pushl    %esi
0x000d818a:  53                       pushl    %ebx
0x000d818b:  89 ce                    movl     %ecx, %esi
0x000d818d:  8b 4c 24 14              movl     0x14(%esp), %ecx
0x000d8191:  f7 de                    negl     %esi
0x000d8193:  85 c0                    testl    %eax, %eax
0x000d8195:  74 33                    je       0xd81ca

----------------
IN: 
0x000d8197:  8b 78 0c                 movl     0xc(%eax), %edi
0x000d819a:  89 fb                    movl     %edi, %ebx
0x000d819c:  29 d3                    subl     %edx, %ebx
0x000d819e:  21 f3                    andl     %esi, %ebx
0x000d81a0:  8b 68 10                 movl     0x10(%eax), %ebp
0x000d81a3:  03 68 08                 addl     8(%eax), %ebp
0x000d81a6:  39 eb                    cmpl     %ebp, %ebx
0x000d81a8:  72 1c                    jb       0xd81c6

----------------
IN: 
0x000d81aa:  39 df                    cmpl     %ebx, %edi
0x000d81ac:  72 18                    jb       0xd81c6

----------------
IN: 
0x000d81ae:  89 59 08                 movl     %ebx, 8(%ecx)
0x000d81b1:  89 79 0c                 movl     %edi, 0xc(%ecx)
0x000d81b4:  89 51 10                 movl     %edx, 0x10(%ecx)
0x000d81b7:  89 58 0c                 movl     %ebx, 0xc(%eax)
0x000d81ba:  8b 50 04                 movl     4(%eax), %edx
0x000d81bd:  89 c8                    movl     %ecx, %eax
0x000d81bf:  e8 ad e1 ff ff           calll    0xd6371

----------------
IN: 
0x000d637c:  89 41 04                 movl     %eax, 4(%ecx)
0x000d637f:  89 02                    movl     %eax, (%edx)
0x000d6381:  c3                       retl     

----------------
IN: 
0x000d81c4:  eb 06                    jmp      0xd81cc

----------------
IN: 
0x000d81cc:  89 d8                    movl     %ebx, %eax
0x000d81ce:  5b                       popl     %ebx
0x000d81cf:  5e                       popl     %esi
0x000d81d0:  5f                       popl     %edi
0x000d81d1:  5d                       popl     %ebp
0x000d81d2:  c3                       retl     

----------------
IN: 
0x000d8bc6:  59                       popl     %ecx
0x000d8bc7:  85 c0                    testl    %eax, %eax
0x000d8bc9:  75 2d                    jne      0xd8bf8

----------------
IN: 
0x000d8bf8:  89 c5                    movl     %eax, %ebp
0x000d8bfa:  b9 0b 00 00 00           movl     $0xb, %ecx
0x000d8bff:  89 c7                    movl     %eax, %edi
0x000d8c01:  89 de                    movl     %ebx, %esi
0x000d8c03:  f3 a5                    rep movsl (%esi), %es:(%edi)

----------------
IN: 
0x000d8c05:  8b 13                    movl     (%ebx), %edx
0x000d8c07:  89 10                    movl     %edx, (%eax)
0x000d8c09:  85 d2                    testl    %edx, %edx
0x000d8c0b:  74 03                    je       0xd8c10

----------------
IN: 
0x000d8c0d:  89 42 04                 movl     %eax, 4(%edx)
0x000d8c10:  8b 53 04                 movl     4(%ebx), %edx
0x000d8c13:  89 50 04                 movl     %edx, 4(%eax)
0x000d8c16:  89 02                    movl     %eax, (%edx)
0x000d8c18:  8d 48 14                 leal     0x14(%eax), %ecx
0x000d8c1b:  8b 53 14                 movl     0x14(%ebx), %edx
0x000d8c1e:  89 50 14                 movl     %edx, 0x14(%eax)
0x000d8c21:  85 d2                    testl    %edx, %edx
0x000d8c23:  74 03                    je       0xd8c28

----------------
IN: 
0x000d8c28:  8b 53 18                 movl     0x18(%ebx), %edx
0x000d8c2b:  89 50 18                 movl     %edx, 0x18(%eax)
0x000d8c2e:  89 0a                    movl     %ecx, (%edx)
0x000d8c30:  89 e8                    movl     %ebp, %eax
0x000d8c32:  5b                       popl     %ebx
0x000d8c33:  5e                       popl     %esi
0x000d8c34:  5f                       popl     %edi
0x000d8c35:  5d                       popl     %ebp
0x000d8c36:  c3                       retl     

----------------
IN: 
0x000d8dd1:  85 c0                    testl    %eax, %eax
0x000d8dd3:  75 18                    jne      0xd8ded

----------------
IN: 
0x000d8ded:  83 c4 2c                 addl     $0x2c, %esp
0x000d8df0:  5b                       popl     %ebx
0x000d8df1:  c3                       retl     

----------------
IN: 
0x000e9035:  b9 00 00 09 00           movl     $0x90000, %ecx
0x000e903a:  ba 00 70 00 00           movl     $0x7000, %edx
0x000e903f:  b8 5c a1 0e 00           movl     $0xea15c, %eax
0x000e9044:  e8 54 fd fe ff           calll    0xd8d9d

----------------
IN: 
0x000d81c6:  8b 00                    movl     (%eax), %eax
0x000d81c8:  eb c9                    jmp      0xd8193

----------------
IN: 
0x000d8193:  85 c0                    testl    %eax, %eax
0x000d8195:  74 33                    je       0xd81ca

----------------
IN: 
0x000e9049:  85 db                    testl    %ebx, %ebx
0x000e904b:  74 21                    je       0xe906e

----------------
IN: 
0x000e904d:  8d 0c 33                 leal     (%ebx, %esi), %ecx
0x000e9050:  89 da                    movl     %ebx, %edx
0x000e9052:  b8 64 a1 0e 00           movl     $0xea164, %eax
0x000e9057:  e8 41 fd fe ff           calll    0xd8d9d

----------------
IN: 
0x000e905c:  89 d8                    movl     %ebx, %eax
0x000e905e:  31 d2                    xorl     %edx, %edx
0x000e9060:  6a 02                    pushl    $2
0x000e9062:  31 ff                    xorl     %edi, %edi
0x000e9064:  57                       pushl    %edi
0x000e9065:  56                       pushl    %esi
0x000e9066:  e8 0c fb fe ff           calll    0xd8b77

----------------
IN: 
0x000e906b:  83 c4 0c                 addl     $0xc, %esp
0x000e906e:  bd 40 a2 0e 00           movl     $0xea240, %ebp
0x000e9073:  81 ed 60 63 0d 00        subl     $0xd6360, %ebp
0x000e9079:  89 ea                    movl     %ebp, %edx
0x000e907b:  b8 20 00 00 00           movl     $0x20, %eax
0x000e9080:  e8 d2 6b ff ff           calll    0xdfc57

----------------
IN: 
0x000dfc57:  56                       pushl    %esi
0x000dfc58:  53                       pushl    %ebx
0x000dfc59:  89 c6                    movl     %eax, %esi
0x000dfc5b:  89 d3                    movl     %edx, %ebx
0x000dfc5d:  89 c1                    movl     %eax, %ecx
0x000dfc5f:  b8 58 a1 0e 00           movl     $0xea158, %eax
0x000dfc64:  e8 ce 8f ff ff           calll    0xd8c37

----------------
IN: 
0x000d8c37:  56                       pushl    %esi
0x000d8c38:  53                       pushl    %ebx
0x000d8c39:  83 ec 2c                 subl     $0x2c, %esp
0x000d8c3c:  85 d2                    testl    %edx, %edx
0x000d8c3e:  74 2d                    je       0xd8c6d

----------------
IN: 
0x000d8c40:  c7 44 24 28 ff ff ff ff  movl     $0xffffffff, 0x28(%esp)
0x000d8c48:  8d 74 24 14              leal     0x14(%esp), %esi
0x000d8c4c:  56                       pushl    %esi
0x000d8c4d:  8b 00                    movl     (%eax), %eax
0x000d8c4f:  e8 33 f5 ff ff           calll    0xd8187

----------------
IN: 
0x000d8c54:  89 c3                    movl     %eax, %ebx
0x000d8c56:  58                       popl     %eax
0x000d8c57:  85 db                    testl    %ebx, %ebx
0x000d8c59:  74 12                    je       0xd8c6d

----------------
IN: 
0x000d8c5b:  89 e0                    movl     %esp, %eax
0x000d8c5d:  e8 49 ff ff ff           calll    0xd8bab

----------------
IN: 
0x000d8c25:  89 4a 04                 movl     %ecx, 4(%edx)
0x000d8c28:  8b 53 18                 movl     0x18(%ebx), %edx
0x000d8c2b:  89 50 18                 movl     %edx, 0x18(%eax)
0x000d8c2e:  89 0a                    movl     %ecx, (%edx)
0x000d8c30:  89 e8                    movl     %ebp, %eax
0x000d8c32:  5b                       popl     %ebx
0x000d8c33:  5e                       popl     %esi
0x000d8c34:  5f                       popl     %edi
0x000d8c35:  5d                       popl     %ebp
0x000d8c36:  c3                       retl     

----------------
IN: 
0x000d8c62:  85 c0                    testl    %eax, %eax
0x000d8c64:  75 09                    jne      0xd8c6f

----------------
IN: 
0x000d8c6f:  89 d8                    movl     %ebx, %eax
0x000d8c71:  83 c4 2c                 addl     $0x2c, %esp
0x000d8c74:  5b                       popl     %ebx
0x000d8c75:  5e                       popl     %esi
0x000d8c76:  c3                       retl     

----------------
IN: 
0x000dfc69:  85 c0                    testl    %eax, %eax
0x000dfc6b:  75 10                    jne      0xdfc7d

----------------
IN: 
0x000dfc7d:  5b                       popl     %ebx
0x000dfc7e:  5e                       popl     %esi
0x000dfc7f:  c3                       retl     

----------------
IN: 
0x000e9085:  89 c3                    movl     %eax, %ebx
0x000e9087:  85 c0                    testl    %eax, %eax
0x000e9089:  75 0a                    jne      0xe9095

----------------
IN: 
0x000e9095:  55                       pushl    %ebp
0x000e9096:  50                       pushl    %eax
0x000e9097:  68 60 63 0d 00           pushl    $0xd6360
0x000e909c:  68 c3 41 0f 00           pushl    $0xf41c3
0x000e90a1:  e8 7c 3e 00 00           calll    0xecf22

----------------
IN: 
0x000ec793:  3c 70                    cmpb     $0x70, %al
0x000ec795:  74 56                    je       0xec7ed

----------------
IN: 
0x000ec7ed:  8b 3b                    movl     (%ebx), %edi
0x000ec7ef:  80 7e 01 50              cmpb     $0x50, 1(%esi)
0x000ec7f3:  75 57                    jne      0xec84c

----------------
IN: 
0x000ec84c:  ba 30 00 00 00           movl     $0x30, %edx
0x000ec851:  89 e8                    movl     %ebp, %eax
0x000ec853:  e8 43 da ff ff           calll    0xea29b

----------------
IN: 
0x000ec858:  ba 78 00 00 00           movl     $0x78, %edx
0x000ec85d:  89 e8                    movl     %ebp, %eax
0x000ec85f:  e8 37 da ff ff           calll    0xea29b

----------------
IN: 
0x000ec864:  6a 00                    pushl    $0
0x000ec866:  b9 08 00 00 00           movl     $8, %ecx
0x000ec86b:  89 fa                    movl     %edi, %edx
0x000ec86d:  89 e8                    movl     %ebp, %eax
0x000ec86f:  e8 9e da ff ff           calll    0xea312

----------------
IN: 
0x000ec874:  5f                       popl     %edi
0x000ec875:  eb 61                    jmp      0xec8d8

----------------
IN: 
0x000ec8d8:  83 c3 04                 addl     $4, %ebx
0x000ec8db:  eb 4e                    jmp      0xec92b

----------------
IN: 
0x000e90a6:  be 60 63 0d 00           movl     $0xd6360, %esi
0x000e90ab:  89 df                    movl     %ebx, %edi
0x000e90ad:  89 e9                    movl     %ebp, %ecx
0x000e90af:  f3 a4                    rep movsb (%esi), %es:(%edi)

----------------
IN: 
0x000e90af:  f3 a4                    rep movsb (%esi), %es:(%edi)

----------------
IN: 
0x000e90b1:  89 d8                    movl     %ebx, %eax
0x000e90b3:  2d 60 63 0d 00           subl     $0xd6360, %eax
0x000e90b8:  83 c4 10                 addl     $0x10, %esp
0x000e90bb:  ba 00 42 0d 00           movl     $0xd4200, %edx
0x000e90c0:  81 fa 40 4b 0d 00        cmpl     $0xd4b40, %edx
0x000e90c6:  73 0b                    jae      0xe90d3

----------------
IN: 
0x000e90c8:  8b 0a                    movl     (%edx), %ecx
0x000e90ca:  01 d9                    addl     %ebx, %ecx
0x000e90cc:  01 01                    addl     %eax, (%ecx)
0x000e90ce:  83 c2 04                 addl     $4, %edx
0x000e90d1:  eb ed                    jmp      0xe90c0

----------------
IN: 
0x000e90c0:  81 fa 40 4b 0d 00        cmpl     $0xd4b40, %edx
0x000e90c6:  73 0b                    jae      0xe90d3

----------------
IN: 
0x000e90d3:  b9 60 63 0d 00           movl     $0xd6360, %ecx
0x000e90d8:  29 d9                    subl     %ebx, %ecx
0x000e90da:  ba 40 4b 0d 00           movl     $0xd4b40, %edx
0x000e90df:  81 fa 94 5a 0d 00        cmpl     $0xd5a94, %edx
0x000e90e5:  73 0b                    jae      0xe90f2

----------------
IN: 
0x000e90e7:  8b 32                    movl     (%edx), %esi
0x000e90e9:  01 de                    addl     %ebx, %esi
0x000e90eb:  01 0e                    addl     %ecx, (%esi)
0x000e90ed:  83 c2 04                 addl     $4, %edx
0x000e90f0:  eb ed                    jmp      0xe90df

----------------
IN: 
0x000e90df:  81 fa 94 5a 0d 00        cmpl     $0xd5a94, %edx
0x000e90e5:  73 0b                    jae      0xe90f2

----------------
IN: 
0x000e90f2:  ba 94 5a 0d 00           movl     $0xd5a94, %edx
0x000e90f7:  81 fa a0 5a 0d 00        cmpl     $0xd5aa0, %edx
0x000e90fd:  73 0d                    jae      0xe910c

----------------
IN: 
0x000e90ff:  8b 0a                    movl     (%edx), %ecx
0x000e9101:  01 81 00 42 0d 00        addl     %eax, 0xd4200(%ecx)
0x000e9107:  83 c2 04                 addl     $4, %edx
0x000e910a:  eb eb                    jmp      0xe90f7

----------------
IN: 
0x000e90f7:  81 fa a0 5a 0d 00        cmpl     $0xd5aa0, %edx
0x000e90fd:  73 0d                    jae      0xe910c

----------------
IN: 
0x000e910c:  b9 df 5d 0e 00           movl     $0xe5ddf, %ecx
0x000e9111:  81 f9 40 a2 0e 00        cmpl     $0xea240, %ecx
0x000e9117:  73 0b                    jae      0xe9124

----------------
IN: 
0x000e9119:  8d 14 08                 leal     (%eax, %ecx), %edx
0x000e911c:  81 f9 60 63 0d 00        cmpl     $0xd6360, %ecx
0x000e9122:  73 05                    jae      0xe9129

----------------
IN: 
0x000e9129:  31 c0                    xorl     %eax, %eax
0x000e912b:  ff d2                    calll    *%edx

----------------
IN: 
0x0effbaff:  55                       pushl    %ebp
0x0effbb00:  57                       pushl    %edi
0x0effbb01:  56                       pushl    %esi
0x0effbb02:  53                       pushl    %ebx
0x0effbb03:  81 ec 2c 01 00 00        subl     $0x12c, %esp
0x0effbb09:  e8 dd 78 ff ff           calll    0xeff33eb

----------------
IN: 
0x0eff33eb:  57                       pushl    %edi
0x0eff33ec:  56                       pushl    %esi
0x0eff33ed:  53                       pushl    %ebx
0x0eff33ee:  81 ec 94 00 00 00        subl     $0x94, %esp
0x0eff33f4:  31 c0                    xorl     %eax, %eax
0x0eff33f6:  8b 0c 85 64 fe ff 0e     movl     0xefffe64(, %eax, 4), %ecx
0x0eff33fd:  8b 11                    movl     (%ecx), %edx
0x0eff33ff:  85 d2                    testl    %edx, %edx
0x0eff3401:  74 03                    je       0xeff3406

----------------
IN: 
0x0eff3403:  89 4a 04                 movl     %ecx, 4(%edx)
0x0eff3406:  40                       incl     %eax
0x0eff3407:  83 f8 05                 cmpl     $5, %eax
0x0eff340a:  75 ea                    jne      0xeff33f6

----------------
IN: 
0x0eff33f6:  8b 0c 85 64 fe ff 0e     movl     0xefffe64(, %eax, 4), %ecx
0x0eff33fd:  8b 11                    movl     (%ecx), %edx
0x0eff33ff:  85 d2                    testl    %edx, %edx
0x0eff3401:  74 03                    je       0xeff3406

----------------
IN: 
0x0eff3406:  40                       incl     %eax
0x0eff3407:  83 f8 05                 cmpl     $5, %eax
0x0eff340a:  75 ea                    jne      0xeff33f6

----------------
IN: 
0x0eff340c:  b9 60 63 0d 00           movl     $0xd6360, %ecx
0x0eff3411:  81 e9 a0 5a 0d 00        subl     $0xd5aa0, %ecx
0x0eff3417:  ba a0 5a 0d 00           movl     $0xd5aa0, %edx
0x0eff341c:  b8 80 99 0e 00           movl     $0xe9980, %eax
0x0eff3421:  e8 c4 a9 ff ff           calll    0xefeddea

----------------
IN: 
0x0efeddea:  57                       pushl    %edi
0x0efeddeb:  56                       pushl    %esi
0x0efeddec:  89 d6                    movl     %edx, %esi
0x0efeddee:  39 c2                    cmpl     %eax, %edx
0x0efeddf0:  72 06                    jb       0xefeddf8

----------------
IN: 
0x0efeddf8:  85 c9                    testl    %ecx, %ecx
0x0efeddfa:  74 09                    je       0xefede05

----------------
IN: 
0x0efeddfc:  49                       decl     %ecx
0x0efeddfd:  8a 14 0e                 movb     (%esi, %ecx), %dl
0x0efede00:  88 14 08                 movb     %dl, (%eax, %ecx)
0x0efede03:  eb f3                    jmp      0xefeddf8

----------------
IN: 
0x0efede05:  5e                       popl     %esi
0x0efede06:  5f                       popl     %edi
0x0efede07:  c3                       retl     

----------------
IN: 
0x0eff3426:  89 c1                    movl     %eax, %ecx
0x0eff3428:  ba 10 a8 0d 00           movl     $0xda810, %edx
0x0eff342d:  b8 88 fe ff 0e           movl     $0xefffe88, %eax
0x0eff3432:  e8 86 b6 ff ff           calll    0xefeeabd

----------------
IN: 
0x0efeeabd:  53                       pushl    %ebx
0x0efeeabe:  83 ec 2c                 subl     $0x2c, %esp
0x0efeeac1:  89 d3                    movl     %edx, %ebx
0x0efeeac3:  89 c2                    movl     %eax, %edx
0x0efeeac5:  8b 00                    movl     (%eax), %eax
0x0efeeac7:  85 c0                    testl    %eax, %eax
0x0efeeac9:  75 35                    jne      0xefeeb00

----------------
IN: 
0x0efeeacb:  c7 44 24 28 ff ff ff ff  movl     $0xffffffff, 0x28(%esp)
0x0efeead3:  89 5c 24 1c              movl     %ebx, 0x1c(%esp)
0x0efeead7:  89 4c 24 20              movl     %ecx, 0x20(%esp)
0x0efeeadb:  31 c0                    xorl     %eax, %eax
0x0efeeadd:  89 44 24 24              movl     %eax, 0x24(%esp)
0x0efeeae1:  8d 44 24 14              leal     0x14(%esp), %eax
0x0efeeae5:  e8 a7 d5 ff ff           calll    0xefec091

----------------
IN: 
0x0efec091:  8b 0a                    movl     (%edx), %ecx
0x0efec093:  89 50 04                 movl     %edx, 4(%eax)
0x0efec096:  89 08                    movl     %ecx, (%eax)
0x0efec098:  85 c9                    testl    %ecx, %ecx
0x0efec09a:  74 03                    je       0xefec09f

----------------
IN: 
0x0efec09f:  89 02                    movl     %eax, (%edx)
0x0efec0a1:  c3                       retl     

----------------
IN: 
0x0efeeaea:  89 e0                    movl     %esp, %eax
0x0efeeaec:  e8 da fd ff ff           calll    0xefee8cb

----------------
IN: 
0x0efee8cb:  55                       pushl    %ebp
0x0efee8cc:  57                       pushl    %edi
0x0efee8cd:  56                       pushl    %esi
0x0efee8ce:  53                       pushl    %ebx
0x0efee8cf:  89 c3                    movl     %eax, %ebx
0x0efee8d1:  50                       pushl    %eax
0x0efee8d2:  b9 10 00 00 00           movl     $0x10, %ecx
0x0efee8d7:  ba 2c 00 00 00           movl     $0x2c, %edx
0x0efee8dc:  a1 78 fe ff 0e           movl     0xefffe78, %eax
0x0efee8e1:  e8 c1 f5 ff ff           calll    0xefedea7

----------------
IN: 
0x0efedea7:  55                       pushl    %ebp
0x0efedea8:  57                       pushl    %edi
0x0efedea9:  56                       pushl    %esi
0x0efedeaa:  53                       pushl    %ebx
0x0efedeab:  89 ce                    movl     %ecx, %esi
0x0efedead:  8b 4c 24 14              movl     0x14(%esp), %ecx
0x0efedeb1:  f7 de                    negl     %esi
0x0efedeb3:  85 c0                    testl    %eax, %eax
0x0efedeb5:  74 33                    je       0xefedeea

----------------
IN: 
0x0efedeb7:  8b 78 0c                 movl     0xc(%eax), %edi
0x0efedeba:  89 fb                    movl     %edi, %ebx
0x0efedebc:  29 d3                    subl     %edx, %ebx
0x0efedebe:  21 f3                    andl     %esi, %ebx
0x0efedec0:  8b 68 10                 movl     0x10(%eax), %ebp
0x0efedec3:  03 68 08                 addl     8(%eax), %ebp
0x0efedec6:  39 eb                    cmpl     %ebp, %ebx
0x0efedec8:  72 1c                    jb       0xefedee6

----------------
IN: 
0x0efedee6:  8b 00                    movl     (%eax), %eax
0x0efedee8:  eb c9                    jmp      0xefedeb3

----------------
IN: 
0x0efedeb3:  85 c0                    testl    %eax, %eax
0x0efedeb5:  74 33                    je       0xefedeea

----------------
IN: 
0x0efedeca:  39 df                    cmpl     %ebx, %edi
0x0efedecc:  72 18                    jb       0xefedee6

----------------
IN: 
0x0efedece:  89 59 08                 movl     %ebx, 8(%ecx)
0x0efeded1:  89 79 0c                 movl     %edi, 0xc(%ecx)
0x0efeded4:  89 51 10                 movl     %edx, 0x10(%ecx)
0x0efeded7:  89 58 0c                 movl     %ebx, 0xc(%eax)
0x0efededa:  8b 50 04                 movl     4(%eax), %edx
0x0efededd:  89 c8                    movl     %ecx, %eax
0x0efededf:  e8 ad e1 ff ff           calll    0xefec091

----------------
IN: 
0x0efec09c:  89 41 04                 movl     %eax, 4(%ecx)
0x0efec09f:  89 02                    movl     %eax, (%edx)
0x0efec0a1:  c3                       retl     

----------------
IN: 
0x0efedee4:  eb 06                    jmp      0xefedeec

----------------
IN: 
0x0efedeec:  89 d8                    movl     %ebx, %eax
0x0efedeee:  5b                       popl     %ebx
0x0efedeef:  5e                       popl     %esi
0x0efedef0:  5f                       popl     %edi
0x0efedef1:  5d                       popl     %ebp
0x0efedef2:  c3                       retl     

----------------
IN: 
0x0efee8e6:  59                       popl     %ecx
0x0efee8e7:  85 c0                    testl    %eax, %eax
0x0efee8e9:  75 2d                    jne      0xefee918

----------------
IN: 
0x0efee918:  89 c5                    movl     %eax, %ebp
0x0efee91a:  b9 0b 00 00 00           movl     $0xb, %ecx
0x0efee91f:  89 c7                    movl     %eax, %edi
0x0efee921:  89 de                    movl     %ebx, %esi
0x0efee923:  f3 a5                    rep movsl (%esi), %es:(%edi)

----------------
IN: 
0x0efee925:  8b 13                    movl     (%ebx), %edx
0x0efee927:  89 10                    movl     %edx, (%eax)
0x0efee929:  85 d2                    testl    %edx, %edx
0x0efee92b:  74 03                    je       0xefee930

----------------
IN: 
0x0efee92d:  89 42 04                 movl     %eax, 4(%edx)
0x0efee930:  8b 53 04                 movl     4(%ebx), %edx
0x0efee933:  89 50 04                 movl     %edx, 4(%eax)
0x0efee936:  89 02                    movl     %eax, (%edx)
0x0efee938:  8d 48 14                 leal     0x14(%eax), %ecx
0x0efee93b:  8b 53 14                 movl     0x14(%ebx), %edx
0x0efee93e:  89 50 14                 movl     %edx, 0x14(%eax)
0x0efee941:  85 d2                    testl    %edx, %edx
0x0efee943:  74 03                    je       0xefee948

----------------
IN: 
0x0efee948:  8b 53 18                 movl     0x18(%ebx), %edx
0x0efee94b:  89 50 18                 movl     %edx, 0x18(%eax)
0x0efee94e:  89 0a                    movl     %ecx, (%edx)
0x0efee950:  89 e8                    movl     %ebp, %eax
0x0efee952:  5b                       popl     %ebx
0x0efee953:  5e                       popl     %esi
0x0efee954:  5f                       popl     %edi
0x0efee955:  5d                       popl     %ebp
0x0efee956:  c3                       retl     

----------------
IN: 
0x0efeeaf1:  85 c0                    testl    %eax, %eax
0x0efeeaf3:  75 18                    jne      0xefeeb0d

----------------
IN: 
0x0efeeb0d:  83 c4 2c                 addl     $0x2c, %esp
0x0efeeb10:  5b                       popl     %ebx
0x0efeeb11:  c3                       retl     

----------------
IN: 
0x0eff3437:  a1 88 fe ff 0e           movl     0xefffe88, %eax
0x0eff343c:  31 d2                    xorl     %edx, %edx
0x0eff343e:  85 c0                    testl    %eax, %eax
0x0eff3440:  74 06                    je       0xeff3448

----------------
IN: 
0x0eff3442:  89 c2                    movl     %eax, %edx
0x0eff3444:  8b 00                    movl     (%eax), %eax
0x0eff3446:  eb f6                    jmp      0xeff343e

----------------
IN: 
0x0eff343e:  85 c0                    testl    %eax, %eax
0x0eff3440:  74 06                    je       0xeff3448

----------------
IN: 
0x0eff3448:  89 15 f4 4d 0f 00        movl     %edx, 0xf4df4
0x0eff344e:  b9 20 56 0f 00           movl     $0xf5620, %ecx
0x0eff3453:  81 e9 20 4e 0f 00        subl     $0xf4e20, %ecx
0x0eff3459:  31 d2                    xorl     %edx, %edx
0x0eff345b:  b8 20 4e 0f 00           movl     $0xf4e20, %eax
0x0eff3460:  e8 c1 82 0f f1           calll    0xeb726

----------------
IN: 
0x000eb726:  85 c9                    testl    %ecx, %ecx
0x000eb728:  74 06                    je       0xeb730

----------------
IN: 
0x000eb72a:  49                       decl     %ecx
0x000eb72b:  88 14 08                 movb     %dl, (%eax, %ecx)
0x000eb72e:  eb f6                    jmp      0xeb726

----------------
IN: 
0x000eb730:  c3                       retl     

----------------
IN: 
0x0eff3465:  b9 20 56 0f 00           movl     $0xf5620, %ecx
0x0eff346a:  89 c2                    movl     %eax, %edx
0x0eff346c:  b8 80 fe ff 0e           movl     $0xefffe80, %eax
0x0eff3471:  e8 47 b6 ff ff           calll    0xefeeabd

----------------
IN: 
0x0eff3476:  e8 0d 90 ff ff           calll    0xefec488

----------------
IN: 
0x0efec488:  56                       pushl    %esi
0x0efec489:  53                       pushl    %ebx
0x0efec48a:  8b 0d 44 56 0f 00        movl     0xf5644, %ecx
0x0efec490:  8d 59 ff                 leal     -1(%ecx), %ebx
0x0efec493:  6b c9 14                 imull    $0x14, %ecx, %ecx
0x0efec496:  81 c1 60 56 0f 00        addl     $0xf5660, %ecx
0x0efec49c:  85 db                    testl    %ebx, %ebx
0x0efec49e:  78 20                    js       0xefec4c0

----------------
IN: 
0x0efec4a0:  8b 41 f4                 movl     -0xc(%ecx), %eax
0x0efec4a3:  8b 51 f8                 movl     -8(%ecx), %edx
0x0efec4a6:  03 41 ec                 addl     -0x14(%ecx), %eax
0x0efec4a9:  13 51 f0                 adcl     -0x10(%ecx), %edx
0x0efec4ac:  83 fa 00                 cmpl     $0, %edx
0x0efec4af:  77 09                    ja       0xefec4ba

----------------
IN: 
0x0efec4ba:  4b                       decl     %ebx
0x0efec4bb:  83 e9 14                 subl     $0x14, %ecx
0x0efec4be:  eb dc                    jmp      0xefec49c

----------------
IN: 
0x0efec49c:  85 db                    testl    %ebx, %ebx
0x0efec49e:  78 20                    js       0xefec4c0

----------------
IN: 
0x0efec4b1:  8b 71 fc                 movl     -4(%ecx), %esi
0x0efec4b4:  83 e6 fd                 andl     $0xfffffffd, %esi
0x0efec4b7:  4e                       decl     %esi
0x0efec4b8:  74 08                    je       0xefec4c2

----------------
IN: 
0x0efec4c2:  3d 00 00 10 00           cmpl     $0x100000, %eax
0x0efec4c7:  73 05                    jae      0xefec4ce

----------------
IN: 
0x0efec4ce:  a3 40 56 0f 00           movl     %eax, 0xf5640
0x0efec4d3:  5b                       popl     %ebx
0x0efec4d4:  5e                       popl     %esi
0x0efec4d5:  c3                       retl     

----------------
IN: 
0x0eff347b:  e8 54 eb ff ff           calll    0xeff1fd4

----------------
IN: 
0x0eff1fd4:  56                       pushl    %esi
0x0eff1fd5:  53                       pushl    %ebx
0x0eff1fd6:  56                       pushl    %esi
0x0eff1fd7:  8b 1d 04 4d 0f 00        movl     0xf4d04, %ebx
0x0eff1fdd:  85 db                    testl    %ebx, %ebx
0x0eff1fdf:  75 68                    jne      0xeff2049

----------------
IN: 
0x0eff2049:  bb 01 00 00 00           movl     $1, %ebx
0x0eff204e:  89 d8                    movl     %ebx, %eax
0x0eff2050:  5a                       popl     %edx
0x0eff2051:  5b                       popl     %ebx
0x0eff2052:  5e                       popl     %esi
0x0eff2053:  c3                       retl     

----------------
IN: 
0x0eff3480:  85 c0                    testl    %eax, %eax
0x0eff3482:  75 0c                    jne      0xeff3490

----------------
IN: 
0x0eff3490:  6a 02                    pushl    $2
0x0eff3492:  31 c9                    xorl     %ecx, %ecx
0x0eff3494:  ba 0e 00 00 00           movl     $0xe, %edx
0x0eff3499:  b8 6b 1f 0f 00           movl     $0xf1f6b, %eax
0x0eff349e:  e8 0a b8 ff ff           calll    0xefeecad

----------------
IN: 
0x0efeecad:  55                       pushl    %ebp
0x0efeecae:  57                       pushl    %edi
0x0efeecaf:  56                       pushl    %esi
0x0efeecb0:  53                       pushl    %ebx
0x0efeecb1:  53                       pushl    %ebx
0x0efeecb2:  89 04 24                 movl     %eax, (%esp)
0x0efeecb5:  89 d7                    movl     %edx, %edi
0x0efeecb7:  89 ce                    movl     %ecx, %esi
0x0efeecb9:  8b 6c 24 18              movl     0x18(%esp), %ebp
0x0efeecbd:  b8 94 00 00 00           movl     $0x94, %eax
0x0efeecc2:  e8 7b fd ff ff           calll    0xefeea42

----------------
IN: 
0x0efeea42:  53                       pushl    %ebx
0x0efeea43:  89 c3                    movl     %eax, %ebx
0x0efeea45:  e8 e7 ff ff ff           calll    0xefeea31

----------------
IN: 
0x0efeea31:  b9 10 00 00 00           movl     $0x10, %ecx
0x0efeea36:  89 c2                    movl     %eax, %edx
0x0efeea38:  b8 78 fe ff 0e           movl     $0xefffe78, %eax
0x0efeea3d:  e9 15 ff ff ff           jmp      0xefee957

----------------
IN: 
0x0efee957:  56                       pushl    %esi
0x0efee958:  53                       pushl    %ebx
0x0efee959:  83 ec 2c                 subl     $0x2c, %esp
0x0efee95c:  85 d2                    testl    %edx, %edx
0x0efee95e:  74 2d                    je       0xefee98d

----------------
IN: 
0x0efee960:  c7 44 24 28 ff ff ff ff  movl     $0xffffffff, 0x28(%esp)
0x0efee968:  8d 74 24 14              leal     0x14(%esp), %esi
0x0efee96c:  56                       pushl    %esi
0x0efee96d:  8b 00                    movl     (%eax), %eax
0x0efee96f:  e8 33 f5 ff ff           calll    0xefedea7

----------------
IN: 
0x0efee974:  89 c3                    movl     %eax, %ebx
0x0efee976:  58                       popl     %eax
0x0efee977:  85 db                    testl    %ebx, %ebx
0x0efee979:  74 12                    je       0xefee98d

----------------
IN: 
0x0efee97b:  89 e0                    movl     %esp, %eax
0x0efee97d:  e8 49 ff ff ff           calll    0xefee8cb

----------------
IN: 
0x0efee945:  89 4a 04                 movl     %ecx, 4(%edx)
0x0efee948:  8b 53 18                 movl     0x18(%ebx), %edx
0x0efee94b:  89 50 18                 movl     %edx, 0x18(%eax)
0x0efee94e:  89 0a                    movl     %ecx, (%edx)
0x0efee950:  89 e8                    movl     %ebp, %eax
0x0efee952:  5b                       popl     %ebx
0x0efee953:  5e                       popl     %esi
0x0efee954:  5f                       popl     %edi
0x0efee955:  5d                       popl     %ebp
0x0efee956:  c3                       retl     

----------------
IN: 
0x0efee982:  85 c0                    testl    %eax, %eax
0x0efee984:  75 09                    jne      0xefee98f

----------------
IN: 
0x0efee98f:  89 d8                    movl     %ebx, %eax
0x0efee991:  83 c4 2c                 addl     $0x2c, %esp
0x0efee994:  5b                       popl     %ebx
0x0efee995:  5e                       popl     %esi
0x0efee996:  c3                       retl     

----------------
IN: 
0x0efeea4a:  85 c0                    testl    %eax, %eax
0x0efeea4c:  75 12                    jne      0xefeea60

----------------
IN: 
0x0efeea60:  5b                       popl     %ebx
0x0efeea61:  c3                       retl     

----------------
IN: 
0x0efeecc7:  85 c0                    testl    %eax, %eax
0x0efeecc9:  75 14                    jne      0xefeecdf

----------------
IN: 
0x0efeecdf:  89 c3                    movl     %eax, %ebx
0x0efeece1:  b9 94 00 00 00           movl     $0x94, %ecx
0x0efeece6:  31 d2                    xorl     %edx, %edx
0x0efeece8:  e8 39 ca 0f f1           calll    0xeb726

----------------
IN: 
0x0efeeced:  8d 40 04                 leal     4(%eax), %eax
0x0efeecf0:  b9 80 00 00 00           movl     $0x80, %ecx
0x0efeecf5:  8b 14 24                 movl     (%esp), %edx
0x0efeecf8:  e8 b5 d3 ff ff           calll    0xefec0b2

----------------
IN: 
0x0efec0b2:  57                       pushl    %edi
0x0efec0b3:  56                       pushl    %esi
0x0efec0b4:  53                       pushl    %ebx
0x0efec0b5:  89 c3                    movl     %eax, %ebx
0x0efec0b7:  8d 3c 0a                 leal     (%edx, %ecx), %edi
0x0efec0ba:  8d 4a 01                 leal     1(%edx), %ecx
0x0efec0bd:  39 f9                    cmpl     %edi, %ecx
0x0efec0bf:  74 13                    je       0xefec0d4

----------------
IN: 
0x0efec0c1:  41                       incl     %ecx
0x0efec0c2:  0f b6 71 fe              movzbl   -2(%ecx), %esi
0x0efec0c6:  89 f2                    movl     %esi, %edx
0x0efec0c8:  84 d2                    testb    %dl, %dl
0x0efec0ca:  74 08                    je       0xefec0d4

----------------
IN: 
0x0efec0cc:  40                       incl     %eax
0x0efec0cd:  89 f2                    movl     %esi, %edx
0x0efec0cf:  88 50 ff                 movb     %dl, -1(%eax)
0x0efec0d2:  eb e9                    jmp      0xefec0bd

----------------
IN: 
0x0efec0bd:  39 f9                    cmpl     %edi, %ecx
0x0efec0bf:  74 13                    je       0xefec0d4

----------------
IN: 
0x0efec0d4:  c6 00 00                 movb     $0, (%eax)
0x0efec0d7:  89 d8                    movl     %ebx, %eax
0x0efec0d9:  5b                       popl     %ebx
0x0efec0da:  5e                       popl     %esi
0x0efec0db:  5f                       popl     %edi
0x0efec0dc:  c3                       retl     

----------------
IN: 
0x0efeecfd:  89 ab 84 00 00 00        movl     %ebp, 0x84(%ebx)
0x0efeed03:  89 bb 8c 00 00 00        movl     %edi, 0x8c(%ebx)
0x0efeed09:  89 b3 90 00 00 00        movl     %esi, 0x90(%ebx)
0x0efeed0f:  c7 83 88 00 00 00 b7 e2  movl     $0xefee2b7, 0x88(%ebx)
0x0efeed17:  fe 0e
0x0efeed19:  a1 5c fe ff 0e           movl     0xefffe5c, %eax
0x0efeed1e:  89 03                    movl     %eax, (%ebx)
0x0efeed20:  89 1d 5c fe ff 0e        movl     %ebx, 0xefffe5c
0x0efeed26:  58                       popl     %eax
0x0efeed27:  5b                       popl     %ebx
0x0efeed28:  5e                       popl     %esi
0x0efeed29:  5f                       popl     %edi
0x0efeed2a:  5d                       popl     %ebp
0x0efeed2b:  c3                       retl     

----------------
IN: 
0x0eff34a3:  6a 01                    pushl    $1
0x0eff34a5:  31 c9                    xorl     %ecx, %ecx
0x0eff34a7:  ba 02 80 00 00           movl     $0x8002, %edx
0x0eff34ac:  b8 7e 1f 0f 00           movl     $0xf1f7e, %eax
0x0eff34b1:  e8 f7 b7 ff ff           calll    0xefeecad

----------------
IN: 
0x0eff34b6:  6a 02                    pushl    $2
0x0eff34b8:  31 c9                    xorl     %ecx, %ecx
0x0eff34ba:  ba 0f 00 00 00           movl     $0xf, %edx
0x0eff34bf:  b8 90 1f 0f 00           movl     $0xf1f90, %eax
0x0eff34c4:  e8 e4 b7 ff ff           calll    0xefeecad

----------------
IN: 
0x0eff34c9:  b9 08 00 00 00           movl     $8, %ecx
0x0eff34ce:  ba 0d 00 00 00           movl     $0xd, %edx
0x0eff34d3:  8d 44 24 18              leal     0x18(%esp), %eax
0x0eff34d7:  e8 f1 98 0f f1           calll    0xecdcd

----------------
IN: 
0x0eff34dc:  31 d2                    xorl     %edx, %edx
0x0eff34de:  31 c9                    xorl     %ecx, %ecx
0x0eff34e0:  b8 90 1f 0f 00           movl     $0xf1f90, %eax
0x0eff34e5:  e8 d1 ac ff ff           calll    0xefee1bb

----------------
IN: 
0x0efee1bb:  55                       pushl    %ebp
0x0efee1bc:  89 e5                    movl     %esp, %ebp
0x0efee1be:  57                       pushl    %edi
0x0efee1bf:  56                       pushl    %esi
0x0efee1c0:  83 ec 08                 subl     $8, %esp
0x0efee1c3:  89 d6                    movl     %edx, %esi
0x0efee1c5:  89 cf                    movl     %ecx, %edi
0x0efee1c7:  e8 be ff ff ff           calll    0xefee18a

----------------
IN: 
0x0efee18a:  57                       pushl    %edi
0x0efee18b:  56                       pushl    %esi
0x0efee18c:  53                       pushl    %ebx
0x0efee18d:  89 c7                    movl     %eax, %edi
0x0efee18f:  e8 6c c2 0f f1           calll    0xea400

----------------
IN: 
0x000ea400:  89 c2                    movl     %eax, %edx
0x000ea402:  80 38 00                 cmpb     $0, (%eax)
0x000ea405:  74 03                    je       0xea40a

----------------
IN: 
0x000ea407:  40                       incl     %eax
0x000ea408:  eb f8                    jmp      0xea402

----------------
IN: 
0x000ea402:  80 38 00                 cmpb     $0, (%eax)
0x000ea405:  74 03                    je       0xea40a

----------------
IN: 
0x000ea40a:  29 d0                    subl     %edx, %eax
0x000ea40c:  c3                       retl     

----------------
IN: 
0x0efee194:  8d 70 01                 leal     1(%eax), %esi
0x0efee197:  8b 1d 5c fe ff 0e        movl     0xefffe5c, %ebx
0x0efee19d:  85 db                    testl    %ebx, %ebx
0x0efee19f:  74 14                    je       0xefee1b5

----------------
IN: 
0x0efee1a1:  8d 53 04                 leal     4(%ebx), %edx
0x0efee1a4:  89 f1                    movl     %esi, %ecx
0x0efee1a6:  89 f8                    movl     %edi, %eax
0x0efee1a8:  e8 60 c2 0f f1           calll    0xea40d

----------------
IN: 
0x0efee1ad:  85 c0                    testl    %eax, %eax
0x0efee1af:  74 04                    je       0xefee1b5

----------------
IN: 
0x0efee1b5:  89 d8                    movl     %ebx, %eax
0x0efee1b7:  5b                       popl     %ebx
0x0efee1b8:  5e                       popl     %esi
0x0efee1b9:  5f                       popl     %edi
0x0efee1ba:  c3                       retl     

----------------
IN: 
0x0efee1cc:  85 c0                    testl    %eax, %eax
0x0efee1ce:  75 06                    jne      0xefee1d6

----------------
IN: 
0x0efee1d6:  8b 90 84 00 00 00        movl     0x84(%eax), %edx
0x0efee1dc:  8d 4a ff                 leal     -1(%edx), %ecx
0x0efee1df:  83 f9 07                 cmpl     $7, %ecx
0x0efee1e2:  77 ec                    ja       0xefee1d0

----------------
IN: 
0x0efee1e4:  85 d1                    testl    %edx, %ecx
0x0efee1e6:  75 e8                    jne      0xefee1d0

----------------
IN: 
0x0efee1e8:  31 d2                    xorl     %edx, %edx
0x0efee1ea:  89 14 24                 movl     %edx, (%esp)
0x0efee1ed:  89 54 24 04              movl     %edx, 4(%esp)
0x0efee1f1:  89 e2                    movl     %esp, %edx
0x0efee1f3:  b9 08 00 00 00           movl     $8, %ecx
0x0efee1f8:  ff 90 88 00 00 00        calll    *0x88(%eax)

----------------
IN: 
0x0efee2b7:  56                       pushl    %esi
0x0efee2b8:  53                       pushl    %ebx
0x0efee2b9:  89 d6                    movl     %edx, %esi
0x0efee2bb:  8b 90 84 00 00 00        movl     0x84(%eax), %edx
0x0efee2c1:  39 d1                    cmpl     %edx, %ecx
0x0efee2c3:  72 42                    jb       0xefee307

----------------
IN: 
0x0efee2c5:  89 c3                    movl     %eax, %ebx
0x0efee2c7:  8b 88 90 00 00 00        movl     0x90(%eax), %ecx
0x0efee2cd:  8b 80 8c 00 00 00        movl     0x8c(%eax), %eax
0x0efee2d3:  85 c9                    testl    %ecx, %ecx
0x0efee2d5:  75 0d                    jne      0xefee2e4

----------------
IN: 
0x0efee2d7:  89 d1                    movl     %edx, %ecx
0x0efee2d9:  89 c2                    movl     %eax, %edx
0x0efee2db:  89 f0                    movl     %esi, %eax
0x0efee2dd:  e8 eb ea 0f f1           calll    0xecdcd

----------------
IN: 
0x0efee2e2:  eb 1b                    jmp      0xefee2ff

----------------
IN: 
0x0efee2ff:  8b 83 84 00 00 00        movl     0x84(%ebx), %eax
0x0efee305:  eb 03                    jmp      0xefee30a

----------------
IN: 
0x0efee30a:  5b                       popl     %ebx
0x0efee30b:  5e                       popl     %esi
0x0efee30c:  c3                       retl     

----------------
IN: 
0x0efee1fe:  85 c0                    testl    %eax, %eax
0x0efee200:  78 ce                    js       0xefee1d0

----------------
IN: 
0x0efee202:  8b 04 24                 movl     (%esp), %eax
0x0efee205:  8b 54 24 04              movl     4(%esp), %edx
0x0efee209:  59                       popl     %ecx
0x0efee20a:  5e                       popl     %esi
0x0efee20b:  5e                       popl     %esi
0x0efee20c:  5f                       popl     %edi
0x0efee20d:  5d                       popl     %ebp
0x0efee20e:  c3                       retl     

----------------
IN: 
0x0eff34ea:  8d 1c c5 00 00 00 00     leal     (, %eax, 8), %ebx
0x0eff34f1:  53                       pushl    %ebx
0x0eff34f2:  b9 08 00 00 00           movl     $8, %ecx
0x0eff34f7:  ba 0d 00 00 00           movl     $0xd, %edx
0x0eff34fc:  b8 9d 1f 0f 00           movl     $0xf1f9d, %eax
0x0eff3501:  e8 a7 b7 ff ff           calll    0xefeecad

----------------
IN: 
0x0eff3506:  8d 4b 08                 leal     8(%ebx), %ecx
0x0eff3509:  8b 44 24 1c              movl     0x1c(%esp), %eax
0x0eff350d:  c1 e0 03                 shll     $3, %eax
0x0eff3510:  50                       pushl    %eax
0x0eff3511:  ba 0d 00 00 00           movl     $0xd, %edx
0x0eff3516:  b8 ae 1f 0f 00           movl     $0xf1fae, %eax
0x0eff351b:  e8 8d b7 ff ff           calll    0xefeecad

----------------
IN: 
0x0eff3520:  b9 02 00 00 00           movl     $2, %ecx
0x0eff3525:  ba 00 80 00 00           movl     $0x8000, %edx
0x0eff352a:  8d 44 24 16              leal     0x16(%esp), %eax
0x0eff352e:  e8 9a 98 0f f1           calll    0xecdcd

----------------
IN: 
0x0eff3533:  83 c4 14                 addl     $0x14, %esp
0x0eff3536:  bb 02 00 00 00           movl     $2, %ebx
0x0eff353b:  31 f6                    xorl     %esi, %esi
0x0eff353d:  0f b7 44 24 02           movzwl   2(%esp), %eax
0x0eff3542:  39 c6                    cmpl     %eax, %esi
0x0eff3544:  7d 51                    jge      0xeff3597

----------------
IN: 
0x0eff3597:  b9 02 00 00 00           movl     $2, %ecx
0x0eff359c:  ba 01 80 00 00           movl     $0x8001, %edx
0x0eff35a1:  8d 44 24 02              leal     2(%esp), %eax
0x0eff35a5:  e8 23 98 0f f1           calll    0xecdcd

----------------
IN: 
0x0eff35aa:  be 02 00 00 00           movl     $2, %esi
0x0eff35af:  31 db                    xorl     %ebx, %ebx
0x0eff35b1:  0f b7 44 24 02           movzwl   2(%esp), %eax
0x0eff35b6:  39 c3                    cmpl     %eax, %ebx
0x0eff35b8:  0f 8d 8d 00 00 00        jge      0xeff364b

----------------
IN: 
0x0eff364b:  b9 04 00 00 00           movl     $4, %ecx
0x0eff3650:  ba 19 00 00 00           movl     $0x19, %edx
0x0eff3655:  8d 44 24 04              leal     4(%esp), %eax
0x0eff3659:  e8 6f 97 0f f1           calll    0xecdcd

----------------
IN: 
0x0eff365e:  8b 44 24 04              movl     4(%esp), %eax
0x0eff3662:  e8 8e 79 0f f1           calll    0xeaff5

----------------
IN: 
0x0eff3667:  89 44 24 04              movl     %eax, 4(%esp)
0x0eff366b:  31 db                    xorl     %ebx, %ebx
0x0eff366d:  3b 5c 24 04              cmpl     4(%esp), %ebx
0x0eff3671:  73 32                    jae      0xeff36a5

----------------
IN: 
0x0eff3673:  ba 40 00 00 00           movl     $0x40, %edx
0x0eff3678:  8d 44 24 14              leal     0x14(%esp), %eax
0x0eff367c:  e8 26 97 0f f1           calll    0xecda7

----------------
IN: 
0x0eff3681:  8b 44 24 14              movl     0x14(%esp), %eax
0x0eff3685:  e8 6b 79 0f f1           calll    0xeaff5

----------------
IN: 
0x0eff368a:  89 c1                    movl     %eax, %ecx
0x0eff368c:  8b 54 24 18              movl     0x18(%esp), %edx
0x0eff3690:  86 f2                    xchgb    %dh, %dl
0x0eff3692:  0f b7 d2                 movzwl   %dx, %edx
0x0eff3695:  8d 44 24 1c              leal     0x1c(%esp), %eax
0x0eff3699:  51                       pushl    %ecx
0x0eff369a:  31 c9                    xorl     %ecx, %ecx
0x0eff369c:  e8 0c b6 ff ff           calll    0xefeecad

----------------
IN: 
0x0eff36a1:  43                       incl     %ebx
0x0eff36a2:  5e                       popl     %esi
0x0eff36a3:  eb c8                    jmp      0xeff366d

----------------
IN: 
0x0eff366d:  3b 5c 24 04              cmpl     4(%esp), %ebx
0x0eff3671:  73 32                    jae      0xeff36a5

----------------
IN: 
0x0eff36a5:  b8 dc 1f 0f 00           movl     $0xf1fdc, %eax
0x0eff36aa:  e8 db aa ff ff           calll    0xefee18a

----------------
IN: 
0x0efee1b1:  8b 1b                    movl     (%ebx), %ebx
0x0efee1b3:  eb e8                    jmp      0xefee19d

----------------
IN: 
0x0efee19d:  85 db                    testl    %ebx, %ebx
0x0efee19f:  74 14                    je       0xefee1b5

----------------
IN: 
0x0eff36af:  85 c0                    testl    %eax, %eax
0x0eff36b1:  0f 85 c7 00 00 00        jne      0xeff377e

----------------
IN: 
0x0eff377e:  b8 06 20 0f 00           movl     $0xf2006, %eax
0x0eff3783:  e8 02 aa ff ff           calll    0xefee18a

----------------
IN: 
0x0eff3788:  85 c0                    testl    %eax, %eax
0x0eff378a:  74 1a                    je       0xeff37a6

----------------
IN: 
0x0eff378c:  66 c7 05 3c 4a 0f 00 00  movw     $0x600, 0xf4a3c
0x0eff3794:  06
0x0eff3795:  68 00 06 00 00           pushl    $0x600
0x0eff379a:  68 17 20 0f 00           pushl    $0xf2017
0x0eff379f:  e8 7e 97 0f f1           calll    0xecf22

----------------
IN: 
0x0eff37a4:  59                       popl     %ecx
0x0eff37a5:  5b                       popl     %ebx
0x0eff37a6:  66 c7 44 24 14 00 00     movw     $0, 0x14(%esp)
0x0eff37ad:  b9 02 00 00 00           movl     $2, %ecx
0x0eff37b2:  ba 04 00 00 00           movl     $4, %edx
0x0eff37b7:  8d 44 24 14              leal     0x14(%esp), %eax
0x0eff37bb:  e8 0d 96 0f f1           calll    0xecdcd

----------------
IN: 
0x0eff37c0:  66 83 7c 24 14 00        cmpw     $0, 0x14(%esp)
0x0eff37c6:  0f 84 b8 fc ff ff        je       0xeff3484

----------------
IN: 
0x0eff3484:  31 c0                    xorl     %eax, %eax
0x0eff3486:  ba 53 ff 0f 00           movl     $0xfff53, %edx
0x0eff348b:  e9 f0 03 00 00           jmp      0xeff3880

----------------
IN: 
0x0eff3880:  66 89 10                 movw     %dx, (%eax)
0x0eff3883:  66 c7 40 02 00 f0        movw     $0xf000, 2(%eax)
0x0eff3889:  83 c0 04                 addl     $4, %eax
0x0eff388c:  3d 00 04 00 00           cmpl     $0x400, %eax
0x0eff3891:  75 ed                    jne      0xeff3880

----------------
IN: 
0x0eff3893:  b8 20 00 00 00           movl     $0x20, %eax
0x0eff3898:  ba 45 d4 0f 00           movl     $0xfd445, %edx
0x0eff389d:  66 89 10                 movw     %dx, (%eax)
0x0eff38a0:  66 c7 40 02 00 f0        movw     $0xf000, 2(%eax)
0x0eff38a6:  83 c0 04                 addl     $4, %eax
0x0eff38a9:  83 f8 40                 cmpl     $0x40, %eax
0x0eff38ac:  75 ef                    jne      0xeff389d

----------------
IN: 
0x0eff389d:  66 89 10                 movw     %dx, (%eax)
0x0eff38a0:  66 c7 40 02 00 f0        movw     $0xf000, 2(%eax)
0x0eff38a6:  83 c0 04                 addl     $4, %eax
0x0eff38a9:  83 f8 40                 cmpl     $0x40, %eax
0x0eff38ac:  75 ef                    jne      0xeff389d

----------------
IN: 
0x0eff38ae:  b8 c0 01 00 00           movl     $0x1c0, %eax
0x0eff38b3:  ba 4e d4 0f 00           movl     $0xfd44e, %edx
0x0eff38b8:  66 89 10                 movw     %dx, (%eax)
0x0eff38bb:  66 c7 40 02 00 f0        movw     $0xf000, 2(%eax)
0x0eff38c1:  83 c0 04                 addl     $4, %eax
0x0eff38c4:  3d e0 01 00 00           cmpl     $0x1e0, %eax
0x0eff38c9:  75 ed                    jne      0xeff38b8

----------------
IN: 
0x0eff38b8:  66 89 10                 movw     %dx, (%eax)
0x0eff38bb:  66 c7 40 02 00 f0        movw     $0xf000, 2(%eax)
0x0eff38c1:  83 c0 04                 addl     $4, %eax
0x0eff38c4:  3d e0 01 00 00           cmpl     $0x1e0, %eax
0x0eff38c9:  75 ed                    jne      0xeff38b8

----------------
IN: 
0x0eff38cb:  b8 c3 e2 0f 00           movl     $0xfe2c3, %eax
0x0eff38d0:  66 a3 08 00 00 00        movw     %ax, 8
0x0eff38d6:  66 c7 05 0a 00 00 00 00  movw     $0xf000, 0xa
0x0eff38de:  f0
0x0eff38df:  b8 54 ff 0f 00           movl     $0xfff54, %eax
0x0eff38e4:  66 a3 14 00 00 00        movw     %ax, 0x14
0x0eff38ea:  66 c7 05 16 00 00 00 00  movw     $0xf000, 0x16
0x0eff38f2:  f0
0x0eff38f3:  b8 65 f0 0f 00           movl     $0xff065, %eax
0x0eff38f8:  66 a3 40 00 00 00        movw     %ax, 0x40
0x0eff38fe:  66 c7 05 42 00 00 00 00  movw     $0xf000, 0x42
0x0eff3906:  f0
0x0eff3907:  b8 4d f8 0f 00           movl     $0xff84d, %eax
0x0eff390c:  66 a3 44 00 00 00        movw     %ax, 0x44
0x0eff3912:  66 c7 05 46 00 00 00 00  movw     $0xf000, 0x46
0x0eff391a:  f0
0x0eff391b:  b8 41 f8 0f 00           movl     $0xff841, %eax
0x0eff3920:  66 a3 48 00 00 00        movw     %ax, 0x48
0x0eff3926:  66 c7 05 4a 00 00 00 00  movw     $0xf000, 0x4a
0x0eff392e:  f0
0x0eff392f:  b8 fe e3 0f 00           movl     $0xfe3fe, %eax
0x0eff3934:  66 a3 4c 00 00 00        movw     %ax, 0x4c
0x0eff393a:  66 c7 05 4e 00 00 00 00  movw     $0xf000, 0x4e
0x0eff3942:  f0
0x0eff3943:  b8 39 e7 0f 00           movl     $0xfe739, %eax
0x0eff3948:  66 a3 50 00 00 00        movw     %ax, 0x50
0x0eff394e:  66 c7 05 52 00 00 00 00  movw     $0xf000, 0x52
0x0eff3956:  f0
0x0eff3957:  b8 59 f8 0f 00           movl     $0xff859, %eax
0x0eff395c:  66 a3 54 00 00 00        movw     %ax, 0x54
0x0eff3962:  66 c7 05 56 00 00 00 00  movw     $0xf000, 0x56
0x0eff396a:  f0
0x0eff396b:  b8 2e e8 0f 00           movl     $0xfe82e, %eax
0x0eff3970:  66 a3 58 00 00 00        movw     %ax, 0x58
0x0eff3976:  66 c7 05 5a 00 00 00 00  movw     $0xf000, 0x5a
0x0eff397e:  f0
0x0eff397f:  b8 d2 ef 0f 00           movl     $0xfefd2, %eax
0x0eff3984:  66 a3 5c 00 00 00        movw     %ax, 0x5c
0x0eff398a:  66 c7 05 5e 00 00 00 00  movw     $0xf000, 0x5e
0x0eff3992:  f0
0x0eff3993:  b8 6a d4 0f 00           movl     $0xfd46a, %eax
0x0eff3998:  66 a3 60 00 00 00        movw     %ax, 0x60
0x0eff399e:  66 c7 05 62 00 00 00 00  movw     $0xf000, 0x62
0x0eff39a6:  f0
0x0eff39a7:  b8 f2 e6 0f 00           movl     $0xfe6f2, %eax
0x0eff39ac:  66 a3 64 00 00 00        movw     %ax, 0x64
0x0eff39b2:  66 c7 05 66 00 00 00 00  movw     $0xf000, 0x66
0x0eff39ba:  f0
0x0eff39bb:  b8 6e fe 0f 00           movl     $0xffe6e, %eax
0x0eff39c0:  66 a3 68 00 00 00        movw     %ax, 0x68
0x0eff39c6:  66 c7 05 6a 00 00 00 00  movw     $0xf000, 0x6a
0x0eff39ce:  f0
0x0eff39cf:  b8 59 ec 0f 00           movl     $0xfec59, %eax
0x0eff39d4:  66 a3 00 01 00 00        movw     %ax, 0x100
0x0eff39da:  66 c7 05 02 01 00 00 00  movw     $0xf000, 0x102
0x0eff39e2:  f0
0x0eff39e3:  b8 80 01 00 00           movl     $0x180, %eax
0x0eff39e8:  31 d2                    xorl     %edx, %edx
0x0eff39ea:  89 10                    movl     %edx, (%eax)
0x0eff39ec:  83 c0 04                 addl     $4, %eax
0x0eff39ef:  3d 9c 01 00 00           cmpl     $0x19c, %eax
0x0eff39f4:  75 f2                    jne      0xeff39e8

----------------
IN: 
0x0eff39e8:  31 d2                    xorl     %edx, %edx
0x0eff39ea:  89 10                    movl     %edx, (%eax)
0x0eff39ec:  83 c0 04                 addl     $4, %eax
0x0eff39ef:  3d 9c 01 00 00           cmpl     $0x19c, %eax
0x0eff39f4:  75 f2                    jne      0xeff39e8

----------------
IN: 
0x0eff39f6:  31 ff                    xorl     %edi, %edi
0x0eff39f8:  89 3d e4 01 00 00        movl     %edi, 0x1e4
0x0eff39fe:  b9 00 01 00 00           movl     $0x100, %ecx
0x0eff3a03:  31 d2                    xorl     %edx, %edx
0x0eff3a05:  b8 00 04 00 00           movl     $0x400, %eax
0x0eff3a0a:  e8 17 7d 0f f1           calll    0xeb726

----------------
IN: 
0x0eff3a0f:  66 c7 05 0e 04 00 00 c0  movw     $0x9fc0, 0x40e
0x0eff3a17:  9f
0x0eff3a18:  66 c7 05 13 04 00 00 7f  movw     $0x27f, 0x413
0x0eff3a20:  02
0x0eff3a21:  b9 21 01 00 00           movl     $0x121, %ecx
0x0eff3a26:  b8 00 fc 09 00           movl     $0x9fc00, %eax
0x0eff3a2b:  e8 f6 7c 0f f1           calll    0xeb726

----------------
IN: 
0x0eff3a30:  c6 05 00 fc 09 00 01     movb     $1, 0x9fc00
0x0eff3a37:  6a 02                    pushl    $2
0x0eff3a39:  6a 00                    pushl    $0
0x0eff3a3b:  68 00 04 00 00           pushl    $0x400
0x0eff3a40:  b8 00 fc 09 00           movl     $0x9fc00, %eax
0x0eff3a45:  31 d2                    xorl     %edx, %edx
0x0eff3a47:  e8 4b ae ff ff           calll    0xefee897

----------------
IN: 
0x0efee897:  57                       pushl    %edi
0x0efee898:  56                       pushl    %esi
0x0efee899:  89 c6                    movl     %eax, %esi
0x0efee89b:  89 d7                    movl     %edx, %edi
0x0efee89d:  8b 4c 24 0c              movl     0xc(%esp), %ecx
0x0efee8a1:  8b 54 24 10              movl     0x10(%esp), %edx
0x0efee8a5:  8b 44 24 14              movl     0x14(%esp), %eax
0x0efee8a9:  85 d2                    testl    %edx, %edx
0x0efee8ab:  75 04                    jne      0xefee8b1

----------------
IN: 
0x0efee8ad:  85 c9                    testl    %ecx, %ecx
0x0efee8af:  74 17                    je       0xefee8c8

----------------
IN: 
0x0efee8b1:  89 44 24 14              movl     %eax, 0x14(%esp)
0x0efee8b5:  89 4c 24 0c              movl     %ecx, 0xc(%esp)
0x0efee8b9:  89 54 24 10              movl     %edx, 0x10(%esp)
0x0efee8bd:  89 f0                    movl     %esi, %eax
0x0efee8bf:  89 fa                    movl     %edi, %edx
0x0efee8c1:  5e                       popl     %esi
0x0efee8c2:  5f                       popl     %edi
0x0efee8c3:  e9 0b fe ff ff           jmp      0xefee6d3

----------------
IN: 
0x0efee6d3:  55                       pushl    %ebp
0x0efee6d4:  57                       pushl    %edi
0x0efee6d5:  56                       pushl    %esi
0x0efee6d6:  53                       pushl    %ebx
0x0efee6d7:  83 ec 24                 subl     $0x24, %esp
0x0efee6da:  89 44 24 04              movl     %eax, 4(%esp)
0x0efee6de:  89 54 24 08              movl     %edx, 8(%esp)
0x0efee6e2:  8b 44 24 38              movl     0x38(%esp), %eax
0x0efee6e6:  8b 54 24 3c              movl     0x3c(%esp), %edx
0x0efee6ea:  89 44 24 14              movl     %eax, 0x14(%esp)
0x0efee6ee:  89 54 24 18              movl     %edx, 0x18(%esp)
0x0efee6f2:  8b 44 24 40              movl     0x40(%esp), %eax
0x0efee6f6:  89 44 24 1c              movl     %eax, 0x1c(%esp)
0x0efee6fa:  8b 35 44 56 0f 00        movl     0xf5644, %esi
0x0efee700:  31 c0                    xorl     %eax, %eax
0x0efee702:  89 04 24                 movl     %eax, (%esp)
0x0efee705:  39 34 24                 cmpl     %esi, (%esp)
0x0efee708:  0f 8d 4b 01 00 00        jge      0xefee859

----------------
IN: 
0x0efee70e:  6b 0c 24 14              imull    $0x14, (%esp), %ecx
0x0efee712:  8b 81 60 56 0f 00        movl     0xf5660(%ecx), %eax
0x0efee718:  8b 91 64 56 0f 00        movl     0xf5664(%ecx), %edx
0x0efee71e:  89 c7                    movl     %eax, %edi
0x0efee720:  89 d5                    movl     %edx, %ebp
0x0efee722:  03 b9 68 56 0f 00        addl     0xf5668(%ecx), %edi
0x0efee728:  13 a9 6c 56 0f 00        adcl     0xf566c(%ecx), %ebp
0x0efee72e:  89 7c 24 0c              movl     %edi, 0xc(%esp)
0x0efee732:  89 6c 24 10              movl     %ebp, 0x10(%esp)
0x0efee736:  8b 5c 24 04              movl     4(%esp), %ebx
0x0efee73a:  39 5c 24 0c              cmpl     %ebx, 0xc(%esp)
0x0efee73e:  8b 5c 24 10              movl     0x10(%esp), %ebx
0x0efee742:  1b 5c 24 08              sbbl     8(%esp), %ebx
0x0efee746:  73 05                    jae      0xefee74d

----------------
IN: 
0x0efee74d:  8b 7c 24 14              movl     0x14(%esp), %edi
0x0efee751:  8b 6c 24 18              movl     0x18(%esp), %ebp
0x0efee755:  03 7c 24 04              addl     4(%esp), %edi
0x0efee759:  13 6c 24 08              adcl     8(%esp), %ebp
0x0efee75d:  3b 44 24 04              cmpl     4(%esp), %eax
0x0efee761:  89 d6                    movl     %edx, %esi
0x0efee763:  1b 74 24 08              sbbl     8(%esp), %esi
0x0efee767:  73 77                    jae      0xefee7e0

----------------
IN: 
0x0efee769:  8b 99 70 56 0f 00        movl     0xf5670(%ecx), %ebx
0x0efee76f:  89 5c 24 20              movl     %ebx, 0x20(%esp)
0x0efee773:  8b 5c 24 1c              movl     0x1c(%esp), %ebx
0x0efee777:  39 5c 24 20              cmpl     %ebx, 0x20(%esp)
0x0efee77b:  75 1a                    jne      0xefee797

----------------
IN: 
0x0efee797:  8b 5c 24 04              movl     4(%esp), %ebx
0x0efee79b:  8b 74 24 08              movl     8(%esp), %esi
0x0efee79f:  29 c3                    subl     %eax, %ebx
0x0efee7a1:  19 d6                    sbbl     %edx, %esi
0x0efee7a3:  89 99 68 56 0f 00        movl     %ebx, 0xf5668(%ecx)
0x0efee7a9:  89 b1 6c 56 0f 00        movl     %esi, 0xf566c(%ecx)
0x0efee7af:  ff 04 24                 incl     (%esp)
0x0efee7b2:  3b 7c 24 0c              cmpl     0xc(%esp), %edi
0x0efee7b6:  89 e8                    movl     %ebp, %eax
0x0efee7b8:  1b 44 24 10              sbbl     0x10(%esp), %eax
0x0efee7bc:  73 22                    jae      0xefee7e0

----------------
IN: 
0x0efee7e0:  6b 34 24 14              imull    $0x14, (%esp), %esi
0x0efee7e4:  8b 04 24                 movl     (%esp), %eax
0x0efee7e7:  3b 05 44 56 0f 00        cmpl     0xf5644, %eax
0x0efee7ed:  7d 6a                    jge      0xefee859

----------------
IN: 
0x0efee7ef:  8b 86 60 56 0f 00        movl     0xf5660(%esi), %eax
0x0efee7f5:  8b 96 64 56 0f 00        movl     0xf5664(%esi), %edx
0x0efee7fb:  39 c7                    cmpl     %eax, %edi
0x0efee7fd:  89 e9                    movl     %ebp, %ecx
0x0efee7ff:  19 d1                    sbbl     %edx, %ecx
0x0efee801:  72 56                    jb       0xefee859

----------------
IN: 
0x0efee859:  83 7c 24 1c ff           cmpl     $-1, 0x1c(%esp)
0x0efee85e:  74 2f                    je       0xefee88f

----------------
IN: 
0x0efee860:  8b 44 24 1c              movl     0x1c(%esp), %eax
0x0efee864:  89 44 24 40              movl     %eax, 0x40(%esp)
0x0efee868:  8b 44 24 14              movl     0x14(%esp), %eax
0x0efee86c:  8b 54 24 18              movl     0x18(%esp), %edx
0x0efee870:  89 44 24 38              movl     %eax, 0x38(%esp)
0x0efee874:  89 54 24 3c              movl     %edx, 0x3c(%esp)
0x0efee878:  8b 54 24 04              movl     4(%esp), %edx
0x0efee87c:  8b 4c 24 08              movl     8(%esp), %ecx
0x0efee880:  8b 04 24                 movl     (%esp), %eax
0x0efee883:  83 c4 24                 addl     $0x24, %esp
0x0efee886:  5b                       popl     %ebx
0x0efee887:  5e                       popl     %esi
0x0efee888:  5f                       popl     %edi
0x0efee889:  5d                       popl     %ebp
0x0efee88a:  e9 a8 fd ff ff           jmp      0xefee637

----------------
IN: 
0x0efee637:  55                       pushl    %ebp
0x0efee638:  57                       pushl    %edi
0x0efee639:  56                       pushl    %esi
0x0efee63a:  53                       pushl    %ebx
0x0efee63b:  83 ec 10                 subl     $0x10, %esp
0x0efee63e:  8b 7c 24 24              movl     0x24(%esp), %edi
0x0efee642:  8b 6c 24 28              movl     0x28(%esp), %ebp
0x0efee646:  89 3c 24                 movl     %edi, (%esp)
0x0efee649:  89 6c 24 04              movl     %ebp, 4(%esp)
0x0efee64d:  8b 7c 24 2c              movl     0x2c(%esp), %edi
0x0efee651:  8b 1d 44 56 0f 00        movl     0xf5644, %ebx
0x0efee657:  83 fb 7f                 cmpl     $0x7f, %ebx
0x0efee65a:  7e 16                    jle      0xefee672

----------------
IN: 
0x0efee672:  89 54 24 08              movl     %edx, 8(%esp)
0x0efee676:  89 4c 24 0c              movl     %ecx, 0xc(%esp)
0x0efee67a:  6b f0 14                 imull    $0x14, %eax, %esi
0x0efee67d:  89 d9                    movl     %ebx, %ecx
0x0efee67f:  29 c1                    subl     %eax, %ecx
0x0efee681:  6b c9 14                 imull    $0x14, %ecx, %ecx
0x0efee684:  8d ae 60 56 0f 00        leal     0xf5660(%esi), %ebp
0x0efee68a:  8d 86 74 56 0f 00        leal     0xf5674(%esi), %eax
0x0efee690:  89 ea                    movl     %ebp, %edx
0x0efee692:  e8 53 f7 ff ff           calll    0xefeddea

----------------
IN: 
0x0efee697:  43                       incl     %ebx
0x0efee698:  89 1d 44 56 0f 00        movl     %ebx, 0xf5644
0x0efee69e:  8b 44 24 08              movl     8(%esp), %eax
0x0efee6a2:  8b 54 24 0c              movl     0xc(%esp), %edx
0x0efee6a6:  89 86 60 56 0f 00        movl     %eax, 0xf5660(%esi)
0x0efee6ac:  89 96 64 56 0f 00        movl     %edx, 0xf5664(%esi)
0x0efee6b2:  8b 04 24                 movl     (%esp), %eax
0x0efee6b5:  8b 54 24 04              movl     4(%esp), %edx
0x0efee6b9:  89 86 68 56 0f 00        movl     %eax, 0xf5668(%esi)
0x0efee6bf:  89 96 6c 56 0f 00        movl     %edx, 0xf566c(%esi)
0x0efee6c5:  89 be 70 56 0f 00        movl     %edi, 0xf5670(%esi)
0x0efee6cb:  83 c4 10                 addl     $0x10, %esp
0x0efee6ce:  5b                       popl     %ebx
0x0efee6cf:  5e                       popl     %esi
0x0efee6d0:  5f                       popl     %edi
0x0efee6d1:  5d                       popl     %ebp
0x0efee6d2:  c3                       retl     

----------------
IN: 
0x0eff3a4c:  b8 18 a2 0e 00           movl     $0xea218, %eax
0x0eff3a51:  2d 00 a8 0d 00           subl     $0xda800, %eax
0x0eff3a56:  a3 10 9a 0e 00           movl     %eax, 0xe9a10
0x0eff3a5b:  b0 b8                    movb     $0xb8, %al
0x0eff3a5d:  e6 70                    outb     %al, $0x70

----------------
IN: 
0x0eff3a5f:  e4 71                    inb      $0x71, %al

----------------
IN: 
0x0eff3a61:  83 c4 0c                 addl     $0xc, %esp
0x0eff3a64:  a8 01                    testb    $1, %al
0x0eff3a66:  74 08                    je       0xeff3a70

----------------
IN: 
0x0eff3a70:  b0 bd                    movb     $0xbd, %al
0x0eff3a72:  e6 70                    outb     %al, $0x70

----------------
IN: 
0x0eff3a74:  e4 71                    inb      $0x71, %al

----------------
IN: 
0x0eff3a76:  0f b6 d0                 movzbl   %al, %edx
0x0eff3a79:  b0 b8                    movb     $0xb8, %al
0x0eff3a7b:  e6 70                    outb     %al, $0x70

----------------
IN: 
0x0eff3a7d:  e4 71                    inb      $0x71, %al

----------------
IN: 
0x0eff3a7f:  c1 e0 04                 shll     $4, %eax
0x0eff3a82:  25 00 0f 00 00           andl     $0xf00, %eax
0x0eff3a87:  09 d0                    orl      %edx, %eax
0x0eff3a89:  c7 05 44 fe ff 0e 0f 27  movl     $0x270f, 0xefffe44
0x0eff3a91:  00 00
0x0eff3a93:  c7 05 48 fe ff 0e 0f 27  movl     $0x270f, 0xefffe48
0x0eff3a9b:  00 00
0x0eff3a9d:  c7 05 4c fe ff 0e 0f 27  movl     $0x270f, 0xefffe4c
0x0eff3aa5:  00 00
0x0eff3aa7:  c7 05 50 fe ff 0e 0f 27  movl     $0x270f, 0xefffe50
0x0eff3aaf:  00 00
0x0eff3ab1:  ba 65 00 00 00           movl     $0x65, %edx
0x0eff3ab6:  89 c1                    movl     %eax, %ecx
0x0eff3ab8:  83 e1 0f                 andl     $0xf, %ecx
0x0eff3abb:  89 c3                    movl     %eax, %ebx
0x0eff3abd:  c1 e8 04                 shrl     $4, %eax
0x0eff3ac0:  83 f9 03                 cmpl     $3, %ecx
0x0eff3ac3:  74 2c                    je       0xeff3af1

----------------
IN: 
0x0eff3ac5:  80 e3 0c                 andb     $0xc, %bl
0x0eff3ac8:  75 12                    jne      0xeff3adc

----------------
IN: 
0x0eff3aca:  83 f9 01                 cmpl     $1, %ecx
0x0eff3acd:  74 1a                    je       0xeff3ae9

----------------
IN: 
0x0eff3acf:  83 f9 02                 cmpl     $2, %ecx
0x0eff3ad2:  75 23                    jne      0xeff3af7

----------------
IN: 
0x0eff3ad4:  89 15 48 fe ff 0e        movl     %edx, 0xefffe48
0x0eff3ada:  eb 1b                    jmp      0xeff3af7

----------------
IN: 
0x0eff3af7:  42                       incl     %edx
0x0eff3af8:  83 fa 68                 cmpl     $0x68, %edx
0x0eff3afb:  75 b9                    jne      0xeff3ab6

----------------
IN: 
0x0eff3ab6:  89 c1                    movl     %eax, %ecx
0x0eff3ab8:  83 e1 0f                 andl     $0xf, %ecx
0x0eff3abb:  89 c3                    movl     %eax, %ebx
0x0eff3abd:  c1 e8 04                 shrl     $4, %eax
0x0eff3ac0:  83 f9 03                 cmpl     $3, %ecx
0x0eff3ac3:  74 2c                    je       0xeff3af1

----------------
IN: 
0x0eff3afd:  ba 60 ea 00 00           movl     $0xea60, %edx
0x0eff3b02:  31 c9                    xorl     %ecx, %ecx
0x0eff3b04:  b8 53 20 0f 00           movl     $0xf2053, %eax
0x0eff3b09:  e8 ad a6 ff ff           calll    0xefee1bb

----------------
IN: 
0x0eff3b0e:  a3 e0 4d 0f 00           movl     %eax, 0xf4de0
0x0eff3b13:  31 d2                    xorl     %edx, %edx
0x0eff3b15:  b8 66 20 0f 00           movl     $0xf2066, %eax
0x0eff3b1a:  e8 61 b0 ff ff           calll    0xefeeb80

----------------
IN: 
0x0efeeb80:  55                       pushl    %ebp
0x0efeeb81:  57                       pushl    %edi
0x0efeeb82:  56                       pushl    %esi
0x0efeeb83:  53                       pushl    %ebx
0x0efeeb84:  89 d7                    movl     %edx, %edi
0x0efeeb86:  e8 ff f5 ff ff           calll    0xefee18a

----------------
IN: 
0x0efeeb8b:  85 c0                    testl    %eax, %eax
0x0efeeb8d:  74 29                    je       0xefeebb8

----------------
IN: 
0x0efeeb8f:  89 c6                    movl     %eax, %esi
0x0efeeb91:  8b a8 84 00 00 00        movl     0x84(%eax), %ebp
0x0efeeb97:  85 ed                    testl    %ebp, %ebp
0x0efeeb99:  74 1d                    je       0xefeebb8

----------------
IN: 
0x0efeebb8:  31 db                    xorl     %ebx, %ebx
0x0efeebba:  eb 23                    jmp      0xefeebdf

----------------
IN: 
0x0efeebdf:  89 d8                    movl     %ebx, %eax
0x0efeebe1:  5b                       popl     %ebx
0x0efeebe2:  5e                       popl     %esi
0x0efeebe3:  5f                       popl     %edi
0x0efeebe4:  5d                       popl     %ebp
0x0efeebe5:  c3                       retl     

----------------
IN: 
0x0eff3b1f:  89 c3                    movl     %eax, %ebx
0x0eff3b21:  85 c0                    testl    %eax, %eax
0x0eff3b23:  0f 84 b1 00 00 00        je       0xeff3bda

----------------
IN: 
0x0eff3bda:  31 d2                    xorl     %edx, %edx
0x0eff3bdc:  b8 85 20 0f 00           movl     $0xf2085, %eax
0x0eff3be1:  e8 9a af ff ff           calll    0xefeeb80

----------------
IN: 
0x0eff3be6:  89 c3                    movl     %eax, %ebx
0x0eff3be8:  85 c0                    testl    %eax, %eax
0x0eff3bea:  0f 84 e7 00 00 00        je       0xeff3cd7

----------------
IN: 
0x0eff3cd7:  c7 05 e4 60 0f 00 83 d2  movl     $0xfd283, 0xf60e4
0x0eff3cdf:  0f 00
0x0eff3ce1:  ba 10 00 00 00           movl     $0x10, %edx
0x0eff3ce6:  b8 e0 60 0f 00           movl     $0xf60e0, %eax
0x0eff3ceb:  e8 63 79 0f f1           calll    0xeb653

----------------
IN: 
0x000eb653:  01 c2                    addl     %eax, %edx
0x000eb655:  31 c9                    xorl     %ecx, %ecx
0x000eb657:  39 d0                    cmpl     %edx, %eax
0x000eb659:  74 05                    je       0xeb660

----------------
IN: 
0x000eb65b:  02 08                    addb     (%eax), %cl
0x000eb65d:  40                       incl     %eax
0x000eb65e:  eb f7                    jmp      0xeb657

----------------
IN: 
0x000eb657:  39 d0                    cmpl     %edx, %eax
0x000eb659:  74 05                    je       0xeb660

----------------
IN: 
0x000eb660:  88 c8                    movb     %cl, %al
0x000eb662:  c3                       retl     

----------------
IN: 
0x0eff3cf0:  28 05 ea 60 0f 00        subb     %al, 0xf60ea
0x0eff3cf6:  b8 c8 d0 0f 00           movl     $0xfd0c8, %eax
0x0eff3cfb:  66 a3 37 56 0f 00        movw     %ax, 0xf5637
0x0eff3d01:  66 c7 05 39 56 0f 00 00  movw     $0xf000, 0xf5639
0x0eff3d09:  f0
0x0eff3d0a:  ba 10 00 00 00           movl     $0x10, %edx
0x0eff3d0f:  b8 30 56 0f 00           movl     $0xf5630, %eax
0x0eff3d14:  e8 3a 79 0f f1           calll    0xeb653

----------------
IN: 
0x0eff3d19:  28 05 36 56 0f 00        subb     %al, 0xf5636
0x0eff3d1f:  b8 2a d1 0f 00           movl     $0xfd12a, %eax
0x0eff3d24:  66 a3 0d 61 0f 00        movw     %ax, 0xf610d
0x0eff3d2a:  b8 26 d1 0f 00           movl     $0xfd126, %eax
0x0eff3d2f:  66 a3 11 61 0f 00        movw     %ax, 0xf6111
0x0eff3d35:  ba 21 00 00 00           movl     $0x21, %edx
0x0eff3d3a:  b8 00 61 0f 00           movl     $0xf6100, %eax
0x0eff3d3f:  e8 0f 79 0f f1           calll    0xeb653

----------------
IN: 
0x0eff3d44:  28 05 08 61 0f 00        subb     %al, 0xf6108
0x0eff3d4a:  c6 05 96 04 00 00 10     movb     $0x10, 0x496
0x0eff3d51:  66 c7 05 1a 04 00 00 1e  movw     $0x1e, 0x41a
0x0eff3d59:  00
0x0eff3d5a:  66 c7 05 1c 04 00 00 1e  movw     $0x1e, 0x41c
0x0eff3d62:  00
0x0eff3d63:  66 c7 05 80 04 00 00 1e  movw     $0x1e, 0x480
0x0eff3d6b:  00
0x0eff3d6c:  66 c7 05 82 04 00 00 3e  movw     $0x3e, 0x482
0x0eff3d74:  00
0x0eff3d75:  66 83 0d 10 04 00 00 04  orw      $4, 0x410
0x0eff3d7d:  81 c4 94 00 00 00        addl     $0x94, %esp
0x0eff3d83:  5b                       popl     %ebx
0x0eff3d84:  5e                       popl     %esi
0x0eff3d85:  5f                       popl     %edi
0x0eff3d86:  c3                       retl     

----------------
IN: 
0x0effbb0e:  e8 9d b7 ff ff           calll    0xeff72b0

----------------
IN: 
0x0eff72b0:  55                       pushl    %ebp
0x0eff72b1:  57                       pushl    %edi
0x0eff72b2:  56                       pushl    %esi
0x0eff72b3:  53                       pushl    %ebx
0x0eff72b4:  81 ec 88 00 00 00        subl     $0x88, %esp
0x0eff72ba:  31 c0                    xorl     %eax, %eax
0x0eff72bc:  e6 0d                    outb     %al, $0xd

----------------
IN: 
0x0eff72be:  e6 da                    outb     %al, $0xda

----------------
IN: 
0x0eff72c0:  b0 c0                    movb     $0xc0, %al
0x0eff72c2:  e6 d6                    outb     %al, $0xd6

----------------
IN: 
0x0eff72c4:  31 c0                    xorl     %eax, %eax
0x0eff72c6:  e6 d4                    outb     %al, $0xd4

----------------
IN: 
0x0eff72c8:  e8 6b 42 0f f1           calll    0xeb538

----------------
IN: 
0x000eb538:  b0 11                    movb     $0x11, %al
0x000eb53a:  e6 20                    outb     %al, $0x20

----------------
IN: 
0x000eb53c:  e6 a0                    outb     %al, $0xa0

----------------
IN: 
0x000eb53e:  b0 08                    movb     $8, %al
0x000eb540:  e6 21                    outb     %al, $0x21

----------------
IN: 
0x000eb542:  b0 70                    movb     $0x70, %al
0x000eb544:  e6 a1                    outb     %al, $0xa1

----------------
IN: 
0x000eb546:  b0 04                    movb     $4, %al
0x000eb548:  e6 21                    outb     %al, $0x21

----------------
IN: 
0x000eb54a:  b0 02                    movb     $2, %al
0x000eb54c:  e6 a1                    outb     %al, $0xa1

----------------
IN: 
0x000eb54e:  b0 01                    movb     $1, %al
0x000eb550:  e6 21                    outb     %al, $0x21

----------------
IN: 
0x000eb552:  e6 a1                    outb     %al, $0xa1

----------------
IN: 
0x000eb554:  b0 fb                    movb     $0xfb, %al
0x000eb556:  e6 21                    outb     %al, $0x21

----------------
IN: 
0x000eb558:  b0 ff                    movb     $0xff, %al
0x000eb55a:  e6 a1                    outb     %al, $0xa1

----------------
IN: 
0x000eb55c:  c3                       retl     

----------------
IN: 
0x0eff72cd:  c6 05 01 4e 0f 00 01     movb     $1, 0xf4e01
0x0eff72d4:  b8 01 00 00 00           movl     $1, %eax
0x0eff72d9:  e8 73 56 0f f1           calll    0xec951

----------------
IN: 
0x000ec951:  53                       pushl    %ebx
0x000ec952:  89 c3                    movl     %eax, %ebx
0x000ec954:  89 e0                    movl     %esp, %eax
0x000ec956:  3d 00 70 00 00           cmpl     $0x7000, %eax
0x000ec95b:  76 0a                    jbe      0xec967

----------------
IN: 
0x000ec967:  b9 18 00 00 00           movl     $0x18, %ecx
0x000ec96c:  31 d2                    xorl     %edx, %edx
0x000ec96e:  b8 1c a2 0e 00           movl     $0xea21c, %eax
0x000ec973:  e8 ae ed ff ff           calll    0xeb726

----------------
IN: 
0x000ec978:  85 db                    testl    %ebx, %ebx
0x000ec97a:  74 07                    je       0xec983

----------------
IN: 
0x000ec97c:  c6 05 1c a2 0e 00 01     movb     $1, 0xea21c
0x000ec983:  c6 05 1e a2 0e 00 01     movb     $1, 0xea21e
0x000ec98a:  5b                       popl     %ebx
0x000ec98b:  c3                       retl     

----------------
IN: 
0x0eff72de:  ba 01 00 00 00           movl     $1, %edx
0x0eff72e3:  31 c9                    xorl     %ecx, %ecx
0x0eff72e5:  b8 64 2a 0f 00           movl     $0xf2a64, %eax
0x0eff72ea:  e8 cc 6e ff ff           calll    0xefee1bb

----------------
IN: 
0x0efee1d0:  89 f0                    movl     %esi, %eax
0x0efee1d2:  89 fa                    movl     %edi, %edx
0x0efee1d4:  eb 33                    jmp      0xefee209

----------------
IN: 
0x0efee209:  59                       popl     %ecx
0x0efee20a:  5e                       popl     %esi
0x0efee20b:  5e                       popl     %esi
0x0efee20c:  5f                       popl     %edi
0x0efee20d:  5d                       popl     %ebp
0x0efee20e:  c3                       retl     

----------------
IN: 
0x0eff72ef:  a2 00 4e 0f 00           movb     %al, 0xf4e00
0x0eff72f4:  66 83 0d 10 04 00 00 02  orw      $2, 0x410
0x0eff72fc:  ba 3c d4 0f 00           movl     $0xfd43c, %edx
0x0eff7301:  0f b7 d2                 movzwl   %dx, %edx
0x0eff7304:  81 ca 00 00 00 f0        orl      $0xf0000000, %edx
0x0eff730a:  b8 0d 00 00 00           movl     $0xd, %eax
0x0eff730f:  e8 ab 61 ff ff           calll    0xefed4bf

----------------
IN: 
0x0efed4bf:  56                       pushl    %esi
0x0efed4c0:  53                       pushl    %ebx
0x0efed4c1:  89 c1                    movl     %eax, %ecx
0x0efed4c3:  89 d3                    movl     %edx, %ebx
0x0efed4c5:  ba 01 00 00 00           movl     $1, %edx
0x0efed4ca:  d3 e2                    shll     %cl, %edx
0x0efed4cc:  e4 21                    inb      $0x21, %al

----------------
IN: 
0x0efed4ce:  89 d6                    movl     %edx, %esi
0x0efed4d0:  f7 d6                    notl     %esi
0x0efed4d2:  21 f0                    andl     %esi, %eax
0x0efed4d4:  e6 21                    outb     %al, $0x21

----------------
IN: 
0x0efed4d6:  e4 a1                    inb      $0xa1, %al

----------------
IN: 
0x0efed4d8:  66 c1 ea 08              shrw     $8, %dx
0x0efed4dc:  f7 d2                    notl     %edx
0x0efed4de:  21 d0                    andl     %edx, %eax
0x0efed4e0:  e6 a1                    outb     %al, $0xa1

----------------
IN: 
0x0efed4e2:  8d 41 08                 leal     8(%ecx), %eax
0x0efed4e5:  83 f9 07                 cmpl     $7, %ecx
0x0efed4e8:  7e 03                    jle      0xefed4ed

----------------
IN: 
0x0efed4ea:  8d 41 68                 leal     0x68(%ecx), %eax
0x0efed4ed:  89 1c 85 00 00 00 00     movl     %ebx, (, %eax, 4)
0x0efed4f4:  5b                       popl     %ebx
0x0efed4f5:  5e                       popl     %esi
0x0efed4f6:  c3                       retl     

----------------
IN: 
0x0eff7314:  e8 41 2f 0f f1           calll    0xea25a

----------------
IN: 
0x0eff7319:  89 44 24 14              movl     %eax, 0x14(%esp)
0x0eff731d:  85 c0                    testl    %eax, %eax
0x0eff731f:  0f 84 d5 01 00 00        je       0xeff74fa

----------------
IN: 
0x0eff74fa:  f6 05 20 56 0f 00 04     testb    $4, 0xf5620
0x0eff7501:  0f 84 cd 00 00 00        je       0xeff75d4

----------------
IN: 
0x0eff75d4:  8a 0d 19 ff ff 0e        movb     0xeffff19, %cl
0x0eff75da:  84 c9                    testb    %cl, %cl
0x0eff75dc:  74 3e                    je       0xeff761c

----------------
IN: 
0x0eff75de:  31 c0                    xorl     %eax, %eax
0x0eff75e0:  31 d2                    xorl     %edx, %edx
0x0eff75e2:  f6 c1 20                 testb    $0x20, %cl
0x0eff75e5:  0f 94 c0                 sete     %al
0x0eff75e8:  0f 95 c2                 setne    %dl
0x0eff75eb:  d3 e0                    shll     %cl, %eax
0x0eff75ed:  d3 e2                    shll     %cl, %edx
0x0eff75ef:  a3 08 ff ff 0e           movl     %eax, 0xeffff08
0x0eff75f4:  89 15 0c ff ff 0e        movl     %edx, 0xeffff0c
0x0eff75fa:  80 f9 2c                 cmpb     $0x2c, %cl
0x0eff75fd:  76 1d                    jbe      0xeff761c

----------------
IN: 
0x0eff761c:  31 d2                    xorl     %edx, %edx
0x0eff761e:  b8 50 2b 0f 00           movl     $0xf2b50, %eax
0x0eff7623:  e8 58 75 ff ff           calll    0xefeeb80

----------------
IN: 
0x0eff7628:  89 c3                    movl     %eax, %ebx
0x0eff762a:  85 c0                    testl    %eax, %eax
0x0eff762c:  74 54                    je       0xeff7682

----------------
IN: 
0x0eff7682:  a1 20 ff ff 0e           movl     0xeffff20, %eax
0x0eff7687:  0b 05 24 ff ff 0e        orl      0xeffff24, %eax
0x0eff768d:  0f 95 c0                 setne    %al
0x0eff7690:  0f b6 c0                 movzbl   %al, %eax
0x0eff7693:  a3 c4 fd ff 0e           movl     %eax, 0xefffdc4
0x0eff7698:  80 3d 18 ff ff 0e 00     cmpb     $0, 0xeffff18
0x0eff769f:  75 07                    jne      0xeff76a8

----------------
IN: 
0x0eff76a8:  68 83 2b 0f 00           pushl    $0xf2b83
0x0eff76ad:  e8 70 58 0f f1           calll    0xecf22

----------------
IN: 
0x0eff76b2:  ba f8 0c 00 00           movl     $0xcf8, %edx
0x0eff76b7:  b8 00 00 00 80           movl     $0x80000000, %eax
0x0eff76bc:  ef                       outl     %eax, %dx

----------------
IN: 
0x0eff76bd:  ed                       inl      %dx, %eax

----------------
IN: 
0x0eff76be:  5d                       popl     %ebp
0x0eff76bf:  3d 00 00 00 80           cmpl     $0x80000000, %eax
0x0eff76c4:  74 0a                    je       0xeff76d0

----------------
IN: 
0x0eff76d0:  31 d2                    xorl     %edx, %edx
0x0eff76d2:  31 c9                    xorl     %ecx, %ecx
0x0eff76d4:  b8 75 16 0f 00           movl     $0xf1675, %eax
0x0eff76d9:  e8 dd 6a ff ff           calll    0xefee1bb

----------------
IN: 
0x0eff76de:  89 c3                    movl     %eax, %ebx
0x0eff76e0:  c6 44 24 68 00           movb     $0, 0x68(%esp)
0x0eff76e5:  8d 54 24 68              leal     0x68(%esp), %edx
0x0eff76e9:  31 c0                    xorl     %eax, %eax
0x0eff76eb:  e8 a6 89 ff ff           calll    0xeff0096

----------------
IN: 
0x0eff0096:  55                       pushl    %ebp
0x0eff0097:  57                       pushl    %edi
0x0eff0098:  56                       pushl    %esi
0x0eff0099:  53                       pushl    %ebx
0x0eff009a:  83 ec 14                 subl     $0x14, %esp
0x0eff009d:  89 c3                    movl     %eax, %ebx
0x0eff009f:  89 14 24                 movl     %edx, (%esp)
0x0eff00a2:  50                       pushl    %eax
0x0eff00a3:  68 f8 f3 ff 0e           pushl    $0xefff3f8
0x0eff00a8:  68 55 13 0f 00           pushl    $0xf1355
0x0eff00ad:  e8 70 ce 0f f1           calll    0xecf22

----------------
IN: 
0x0eff00b2:  89 df                    movl     %ebx, %edi
0x0eff00b4:  c1 e7 08                 shll     $8, %edi
0x0eff00b7:  0f b7 ff                 movzwl   %di, %edi
0x0eff00ba:  4f                       decl     %edi
0x0eff00bb:  89 da                    movl     %ebx, %edx
0x0eff00bd:  89 f8                    movl     %edi, %eax
0x0eff00bf:  e8 b6 c0 ff ff           calll    0xefec17a

----------------
IN: 
0x0efec17a:  56                       pushl    %esi
0x0efec17b:  53                       pushl    %ebx
0x0efec17c:  89 c3                    movl     %eax, %ebx
0x0efec17e:  89 d6                    movl     %edx, %esi
0x0efec180:  a8 07                    testb    $7, %al
0x0efec182:  75 31                    jne      0xefec1b5

----------------
IN: 
0x0efec1b5:  43                       incl     %ebx
0x0efec1b6:  eb e0                    jmp      0xefec198

----------------
IN: 
0x0efec198:  0f b6 c7                 movzbl   %bh, %eax
0x0efec19b:  39 f0                    cmpl     %esi, %eax
0x0efec19d:  75 19                    jne      0xefec1b8

----------------
IN: 
0x0efec19f:  0f b7 c3                 movzwl   %bx, %eax
0x0efec1a2:  31 d2                    xorl     %edx, %edx
0x0efec1a4:  e8 9a e3 0f f1           calll    0xea543

----------------
IN: 
0x0efec1a9:  48                       decl     %eax
0x0efec1aa:  66 83 f8 fd              cmpw     $-3, %ax
0x0efec1ae:  76 0b                    jbe      0xefec1bb

----------------
IN: 
0x0efec1bb:  89 d8                    movl     %ebx, %eax
0x0efec1bd:  5b                       popl     %ebx
0x0efec1be:  5e                       popl     %esi
0x0efec1bf:  c3                       retl     

----------------
IN: 
0x0eff00c4:  89 c6                    movl     %eax, %esi
0x0eff00c6:  83 c4 0c                 addl     $0xc, %esp
0x0eff00c9:  85 f6                    testl    %esi, %esi
0x0eff00cb:  78 41                    js       0xeff010e

----------------
IN: 
0x0eff00cd:  0f b7 ee                 movzwl   %si, %ebp
0x0eff00d0:  ba 0a 00 00 00           movl     $0xa, %edx
0x0eff00d5:  89 e8                    movl     %ebp, %eax
0x0eff00d7:  e8 67 a4 0f f1           calll    0xea543

----------------
IN: 
0x0eff00dc:  66 3d 04 06              cmpw     $0x604, %ax
0x0eff00e0:  75 1f                    jne      0xeff0101

----------------
IN: 
0x0eff0101:  89 da                    movl     %ebx, %edx
0x0eff0103:  89 f0                    movl     %esi, %eax
0x0eff0105:  e8 70 c0 ff ff           calll    0xefec17a

----------------
IN: 
0x0efec184:  0f b7 c0                 movzwl   %ax, %eax
0x0efec187:  ba 0e 00 00 00           movl     $0xe, %edx
0x0efec18c:  e8 f0 e3 0f f1           calll    0xea581

----------------
IN: 
0x000ea581:  89 d1                    movl     %edx, %ecx
0x000ea583:  8b 15 f8 4d 0f 00        movl     0xf4df8, %edx
0x000ea589:  0f b7 c0                 movzwl   %ax, %eax
0x000ea58c:  85 d2                    testl    %edx, %edx
0x000ea58e:  74 0a                    je       0xea59a

----------------
IN: 
0x000ea59a:  c1 e0 08                 shll     $8, %eax
0x000ea59d:  89 ca                    movl     %ecx, %edx
0x000ea59f:  81 e2 fc 00 00 00        andl     $0xfc, %edx
0x000ea5a5:  09 d0                    orl      %edx, %eax
0x000ea5a7:  0d 00 00 00 80           orl      $0x80000000, %eax
0x000ea5ac:  ba f8 0c 00 00           movl     $0xcf8, %edx
0x000ea5b1:  ef                       outl     %eax, %dx

----------------
IN: 
0x000ea5b2:  83 e1 03                 andl     $3, %ecx
0x000ea5b5:  8d 91 fc 0c 00 00        leal     0xcfc(%ecx), %edx
0x000ea5bb:  ec                       inb      %dx, %al

----------------
IN: 
0x000ea5bc:  c3                       retl     

----------------
IN: 
0x0efec191:  84 c0                    testb    %al, %al
0x0efec193:  78 20                    js       0xefec1b5

----------------
IN: 
0x0efec195:  83 c3 08                 addl     $8, %ebx
0x0efec198:  0f b6 c7                 movzbl   %bh, %eax
0x0efec19b:  39 f0                    cmpl     %esi, %eax
0x0efec19d:  75 19                    jne      0xefec1b8

----------------
IN: 
0x0eff010a:  89 c6                    movl     %eax, %esi
0x0eff010c:  eb bb                    jmp      0xeff00c9

----------------
IN: 
0x0eff00c9:  85 f6                    testl    %esi, %esi
0x0eff00cb:  78 41                    js       0xeff010e

----------------
IN: 
0x0efec1b0:  f6 c3 07                 testb    $7, %bl
0x0efec1b3:  74 e0                    je       0xefec195

----------------
IN: 
0x0efec1b8:  83 cb ff                 orl      $0xffffffff, %ebx
0x0efec1bb:  89 d8                    movl     %ebx, %eax
0x0efec1bd:  5b                       popl     %ebx
0x0efec1be:  5e                       popl     %esi
0x0efec1bf:  c3                       retl     

----------------
IN: 
0x0eff010e:  89 da                    movl     %ebx, %edx
0x0eff0110:  89 f8                    movl     %edi, %eax
0x0eff0112:  e8 63 c0 ff ff           calll    0xefec17a

----------------
IN: 
0x0eff0117:  89 44 24 08              movl     %eax, 8(%esp)
0x0eff011b:  83 7c 24 08 00           cmpl     $0, 8(%esp)
0x0eff0120:  0f 88 d9 01 00 00        js       0xeff02ff

----------------
IN: 
0x0eff0126:  0f b7 7c 24 08           movzwl   8(%esp), %edi
0x0eff012b:  ba 0a 00 00 00           movl     $0xa, %edx
0x0eff0130:  89 f8                    movl     %edi, %eax
0x0eff0132:  e8 0c a4 0f f1           calll    0xea543

----------------
IN: 
0x0eff0137:  66 3d 04 06              cmpw     $0x604, %ax
0x0eff013b:  0f 85 b3 01 00 00        jne      0xeff02f4

----------------
IN: 
0x0eff02f4:  89 da                    movl     %ebx, %edx
0x0eff02f6:  8b 44 24 08              movl     8(%esp), %eax
0x0eff02fa:  e9 13 fe ff ff           jmp      0xeff0112

----------------
IN: 
0x0eff0112:  e8 63 c0 ff ff           calll    0xefec17a

----------------
IN: 
0x0eff02ff:  83 c4 14                 addl     $0x14, %esp
0x0eff0302:  5b                       popl     %ebx
0x0eff0303:  5e                       popl     %esi
0x0eff0304:  5f                       popl     %edi
0x0eff0305:  5d                       popl     %ebp
0x0eff0306:  c3                       retl     

----------------
IN: 
0x0eff76f0:  84 db                    testb    %bl, %bl
0x0eff76f2:  75 2c                    jne      0xeff7720

----------------
IN: 
0x0eff76f4:  68 bb 2b 0f 00           pushl    $0xf2bbb
0x0eff76f9:  e8 24 58 0f f1           calll    0xecf22

----------------
IN: 
0x0eff76fe:  e8 9b 91 ff ff           calll    0xeff089e

----------------
IN: 
0x0eff089e:  55                       pushl    %ebp
0x0eff089f:  57                       pushl    %edi
0x0eff08a0:  56                       pushl    %esi
0x0eff08a1:  53                       pushl    %ebx
0x0eff08a2:  81 ec 14 04 00 00        subl     $0x414, %esp
0x0eff08a8:  8d 44 24 14              leal     0x14(%esp), %eax
0x0eff08ac:  b9 00 04 00 00           movl     $0x400, %ecx
0x0eff08b1:  31 d2                    xorl     %edx, %edx
0x0eff08b3:  e8 6e ae 0f f1           calll    0xeb726

----------------
IN: 
0x0eff08b8:  31 d2                    xorl     %edx, %edx
0x0eff08ba:  31 c9                    xorl     %ecx, %ecx
0x0eff08bc:  b8 75 16 0f 00           movl     $0xf1675, %eax
0x0eff08c1:  e8 f5 d8 ff ff           calll    0xefee1bb

----------------
IN: 
0x0eff08c6:  89 44 24 10              movl     %eax, 0x10(%esp)
0x0eff08ca:  31 c0                    xorl     %eax, %eax
0x0eff08cc:  89 44 24 08              movl     %eax, 8(%esp)
0x0eff08d0:  89 04 24                 movl     %eax, (%esp)
0x0eff08d3:  89 44 24 04              movl     %eax, 4(%esp)
0x0eff08d7:  83 cb ff                 orl      $0xffffffff, %ebx
0x0eff08da:  bd f8 fd ff 0e           movl     $0xefffdf8, %ebp
0x0eff08df:  39 1d 2c 56 0f 00        cmpl     %ebx, 0xf562c
0x0eff08e5:  0f 8e 2a 01 00 00        jle      0xeff0a15

----------------
IN: 
0x0eff08eb:  43                       incl     %ebx
0x0eff08ec:  89 d8                    movl     %ebx, %eax
0x0eff08ee:  c1 e0 08                 shll     $8, %eax
0x0eff08f1:  0f b7 c0                 movzwl   %ax, %eax
0x0eff08f4:  48                       decl     %eax
0x0eff08f5:  89 da                    movl     %ebx, %edx
0x0eff08f7:  e8 7e b8 ff ff           calll    0xefec17a

----------------
IN: 
0x0eff08fc:  89 c7                    movl     %eax, %edi
0x0eff08fe:  85 ff                    testl    %edi, %edi
0x0eff0900:  0f 88 01 01 00 00        js       0xeff0a07

----------------
IN: 
0x0eff0906:  b8 20 00 00 00           movl     $0x20, %eax
0x0eff090b:  e8 32 e1 ff ff           calll    0xefeea42

----------------
IN: 
0x0eff0910:  89 c6                    movl     %eax, %esi
0x0eff0912:  85 c0                    testl    %eax, %eax
0x0eff0914:  75 19                    jne      0xeff092f

----------------
IN: 
0x0eff092f:  b9 20 00 00 00           movl     $0x20, %ecx
0x0eff0934:  31 d2                    xorl     %edx, %edx
0x0eff0936:  e8 eb ad 0f f1           calll    0xeb726

----------------
IN: 
0x0eff093b:  8d 40 04                 leal     4(%eax), %eax
0x0eff093e:  89 44 24 0c              movl     %eax, 0xc(%esp)
0x0eff0942:  89 ea                    movl     %ebp, %edx
0x0eff0944:  e8 48 b7 ff ff           calll    0xefec091

----------------
IN: 
0x0eff0949:  ff 44 24 08              incl     8(%esp)
0x0eff094d:  8b 44 9c 14              movl     0x14(%esp, %ebx, 4), %eax
0x0eff0951:  85 c0                    testl    %eax, %eax
0x0eff0953:  75 22                    jne      0xeff0977

----------------
IN: 
0x0eff0955:  39 5c 24 04              cmpl     %ebx, 4(%esp)
0x0eff0959:  74 03                    je       0xeff095e

----------------
IN: 
0x0eff095e:  39 1d 2c 56 0f 00        cmpl     %ebx, 0xf562c
0x0eff0964:  7c 09                    jl       0xeff096f

----------------
IN: 
0x0eff0966:  8b 14 24                 movl     (%esp), %edx
0x0eff0969:  89 5c 24 04              movl     %ebx, 4(%esp)
0x0eff096d:  eb 0c                    jmp      0xeff097b

----------------
IN: 
0x0eff097b:  66 89 3e                 movw     %di, (%esi)
0x0eff097e:  89 46 0c                 movl     %eax, 0xc(%esi)
0x0eff0981:  88 56 02                 movb     %dl, 2(%esi)
0x0eff0984:  0f b7 ef                 movzwl   %di, %ebp
0x0eff0987:  31 d2                    xorl     %edx, %edx
0x0eff0989:  89 e8                    movl     %ebp, %eax
0x0eff098b:  e8 7f 9b 0f f1           calll    0xea50f

----------------
IN: 
0x000ea50f:  8b 0d f8 4d 0f 00        movl     0xf4df8, %ecx
0x000ea515:  0f b7 c0                 movzwl   %ax, %eax
0x000ea518:  85 c9                    testl    %ecx, %ecx
0x000ea51a:  74 0a                    je       0xea526

----------------
IN: 
0x000ea526:  c1 e0 08                 shll     $8, %eax
0x000ea529:  81 e2 fc 00 00 00        andl     $0xfc, %edx
0x000ea52f:  09 d0                    orl      %edx, %eax
0x000ea531:  0d 00 00 00 80           orl      $0x80000000, %eax
0x000ea536:  ba f8 0c 00 00           movl     $0xcf8, %edx
0x000ea53b:  ef                       outl     %eax, %dx

----------------
IN: 
0x000ea53c:  ba fc 0c 00 00           movl     $0xcfc, %edx
0x000ea541:  ed                       inl      %dx, %eax

----------------
IN: 
0x000ea542:  c3                       retl     

----------------
IN: 
0x0eff0990:  89 46 10                 movl     %eax, 0x10(%esi)
0x0eff0993:  ba 08 00 00 00           movl     $8, %edx
0x0eff0998:  89 e8                    movl     %ebp, %eax
0x0eff099a:  e8 70 9b 0f f1           calll    0xea50f

----------------
IN: 
0x0eff099f:  89 c2                    movl     %eax, %edx
0x0eff09a1:  c1 ea 10                 shrl     $0x10, %edx
0x0eff09a4:  66 89 56 14              movw     %dx, 0x14(%esi)
0x0eff09a8:  86 e0                    xchgb    %ah, %al
0x0eff09aa:  66 89 46 16              movw     %ax, 0x16(%esi)
0x0eff09ae:  ba 0e 00 00 00           movl     $0xe, %edx
0x0eff09b3:  89 e8                    movl     %ebp, %eax
0x0eff09b5:  e8 c7 9b 0f f1           calll    0xea581

----------------
IN: 
0x0eff09ba:  88 46 18                 movb     %al, 0x18(%esi)
0x0eff09bd:  83 e0 7f                 andl     $0x7f, %eax
0x0eff09c0:  48                       decl     %eax
0x0eff09c1:  3c 01                    cmpb     $1, %al
0x0eff09c3:  77 2e                    ja       0xeff09f3

----------------
IN: 
0x0eff09f3:  89 da                    movl     %ebx, %edx
0x0eff09f5:  89 f8                    movl     %edi, %eax
0x0eff09f7:  e8 7e b7 ff ff           calll    0xefec17a

----------------
IN: 
0x0eff09fc:  89 c7                    movl     %eax, %edi
0x0eff09fe:  8b 6c 24 0c              movl     0xc(%esp), %ebp
0x0eff0a02:  e9 f7 fe ff ff           jmp      0xeff08fe

----------------
IN: 
0x0eff08fe:  85 ff                    testl    %edi, %edi
0x0eff0900:  0f 88 01 01 00 00        js       0xeff0a07

----------------
IN: 
0x0eff0a07:  81 fb ff 00 00 00        cmpl     $0xff, %ebx
0x0eff0a0d:  0f 85 cc fe ff ff        jne      0xeff08df

----------------
IN: 
0x0eff08df:  39 1d 2c 56 0f 00        cmpl     %ebx, 0xf562c
0x0eff08e5:  0f 8e 2a 01 00 00        jle      0xeff0a15

----------------
IN: 
0x0eff0a15:  8b 3c 24                 movl     (%esp), %edi
0x0eff0a18:  39 7c 24 10              cmpl     %edi, 0x10(%esp)
0x0eff0a1c:  0f 8f c9 fe ff ff        jg       0xeff08eb

----------------
IN: 
0x0eff0a22:  ff 35 2c 56 0f 00        pushl    0xf562c
0x0eff0a28:  ff 74 24 0c              pushl    0xc(%esp)
0x0eff0a2c:  68 89 16 0f 00           pushl    $0xf1689
0x0eff0a31:  e8 ec c4 0f f1           calll    0xecf22

----------------
IN: 
0x0eff0a36:  81 c4 20 04 00 00        addl     $0x420, %esp
0x0eff0a3c:  5b                       popl     %ebx
0x0eff0a3d:  5e                       popl     %esi
0x0eff0a3e:  5f                       popl     %edi
0x0eff0a3f:  5d                       popl     %ebp
0x0eff0a40:  c3                       retl     

----------------
IN: 
0x0eff7703:  a1 28 ff ff 0e           movl     0xeffff28, %eax
0x0eff7708:  a3 d0 fd ff 0e           movl     %eax, 0xefffdd0
0x0eff770d:  31 f6                    xorl     %esi, %esi
0x0eff770f:  89 35 d4 fd ff 0e        movl     %esi, 0xefffdd4
0x0eff7715:  a1 f8 fd ff 0e           movl     0xefffdf8, %eax
0x0eff771a:  8d 58 fc                 leal     -4(%eax), %ebx
0x0eff771d:  5f                       popl     %edi
0x0eff771e:  eb 1b                    jmp      0xeff773b

----------------
IN: 
0x0eff773b:  83 fb fc                 cmpl     $-4, %ebx
0x0eff773e:  74 14                    je       0xeff7754

----------------
IN: 
0x0eff7740:  89 da                    movl     %ebx, %edx
0x0eff7742:  b8 40 fa ff 0e           movl     $0xefffa40, %eax
0x0eff7747:  e8 ab 5d ff ff           calll    0xefed4f7

----------------
IN: 
0x0efed4f7:  53                       pushl    %ebx
0x0efed4f8:  89 d1                    movl     %edx, %ecx
0x0efed4fa:  8b 10                    movl     (%eax), %edx
0x0efed4fc:  85 d2                    testl    %edx, %edx
0x0efed4fe:  74 3c                    je       0xefed53c

----------------
IN: 
0x0efed500:  83 fa ff                 cmpl     $-1, %edx
0x0efed503:  74 08                    je       0xefed50d

----------------
IN: 
0x0efed505:  0f b7 59 10              movzwl   0x10(%ecx), %ebx
0x0efed509:  39 da                    cmpl     %ebx, %edx
0x0efed50b:  75 2a                    jne      0xefed537

----------------
IN: 
0x0efed50d:  8b 50 04                 movl     4(%eax), %edx
0x0efed510:  83 fa ff                 cmpl     $-1, %edx
0x0efed513:  74 08                    je       0xefed51d

----------------
IN: 
0x0efed515:  0f b7 59 12              movzwl   0x12(%ecx), %ebx
0x0efed519:  39 da                    cmpl     %ebx, %edx
0x0efed51b:  75 1a                    jne      0xefed537

----------------
IN: 
0x0efed51d:  0f b7 51 14              movzwl   0x14(%ecx), %edx
0x0efed521:  33 50 08                 xorl     8(%eax), %edx
0x0efed524:  23 50 0c                 andl     0xc(%eax), %edx
0x0efed527:  75 0e                    jne      0xefed537

----------------
IN: 
0x0efed529:  8b 58 10                 movl     0x10(%eax), %ebx
0x0efed52c:  85 db                    testl    %ebx, %ebx
0x0efed52e:  74 12                    je       0xefed542

----------------
IN: 
0x0efed530:  89 c8                    movl     %ecx, %eax
0x0efed532:  89 d9                    movl     %ebx, %ecx
0x0efed534:  5b                       popl     %ebx
0x0efed535:  ff e1                    jmpl     *%ecx

----------------
IN: 
0x0efec871:  a1 28 ff ff 0e           movl     0xeffff28, %eax
0x0efec876:  3d 00 00 00 80           cmpl     $0x80000000, %eax
0x0efec87b:  77 0c                    ja       0xefec889

----------------
IN: 
0x0efec87d:  c7 05 d0 fd ff 0e 00 00  movl     $0x80000000, 0xefffdd0
0x0efec885:  00 80
0x0efec887:  eb 11                    jmp      0xefec89a

----------------
IN: 
0x0efec89a:  31 c0                    xorl     %eax, %eax
0x0efec89c:  a3 d4 fd ff 0e           movl     %eax, 0xefffdd4
0x0efec8a1:  c7 05 c0 fd ff 0e d8 c7  movl     $0xefec7d8, 0xefffdc0
0x0efec8a9:  fe 0e
0x0efec8ab:  c3                       retl     

----------------
IN: 
0x0eff774c:  8b 5b 04                 movl     4(%ebx), %ebx
0x0eff774f:  83 eb 04                 subl     $4, %ebx
0x0eff7752:  eb e7                    jmp      0xeff773b

----------------
IN: 
0x0efed537:  83 c0 14                 addl     $0x14, %eax
0x0efed53a:  eb be                    jmp      0xefed4fa

----------------
IN: 
0x0efed4fa:  8b 10                    movl     (%eax), %edx
0x0efed4fc:  85 d2                    testl    %edx, %edx
0x0efed4fe:  74 3c                    je       0xefed53c

----------------
IN: 
0x0efed53c:  83 78 0c 00              cmpl     $0, 0xc(%eax)
0x0efed540:  75 c3                    jne      0xefed505

----------------
IN: 
0x0efed542:  5b                       popl     %ebx
0x0efed543:  c3                       retl     

----------------
IN: 
0x0eff7754:  68 d7 2b 0f 00           pushl    $0xf2bd7
0x0eff7759:  e8 c4 57 0f f1           calll    0xecf22

----------------
IN: 
0x0eff775e:  a1 2c 56 0f 00           movl     0xf562c, %eax
0x0eff7763:  40                       incl     %eax
0x0eff7764:  6b c0 28                 imull    $0x28, %eax, %eax
0x0eff7767:  e8 d6 72 ff ff           calll    0xefeea42

----------------
IN: 
0x0eff776c:  89 c5                    movl     %eax, %ebp
0x0eff776e:  5b                       popl     %ebx
0x0eff776f:  85 c0                    testl    %eax, %eax
0x0eff7771:  75 14                    jne      0xeff7787

----------------
IN: 
0x0eff7787:  a1 2c 56 0f 00           movl     0xf562c, %eax
0x0eff778c:  8d 48 01                 leal     1(%eax), %ecx
0x0eff778f:  6b c9 28                 imull    $0x28, %ecx, %ecx
0x0eff7792:  31 d2                    xorl     %edx, %edx
0x0eff7794:  89 e8                    movl     %ebp, %eax
0x0eff7796:  e8 8b 3f 0f f1           calll    0xeb726

----------------
IN: 
0x0eff779b:  e8 a1 92 ff ff           calll    0xeff0a41

----------------
IN: 
0x0eff0a41:  55                       pushl    %ebp
0x0eff0a42:  57                       pushl    %edi
0x0eff0a43:  56                       pushl    %esi
0x0eff0a44:  53                       pushl    %ebx
0x0eff0a45:  83 ec 3c                 subl     $0x3c, %esp
0x0eff0a48:  89 44 24 18              movl     %eax, 0x18(%esp)
0x0eff0a4c:  68 b5 16 0f 00           pushl    $0xf16b5
0x0eff0a51:  e8 cc c4 0f f1           calll    0xecf22

----------------
IN: 
0x0eff0a56:  a1 f8 fd ff 0e           movl     0xefffdf8, %eax
0x0eff0a5b:  8d 58 fc                 leal     -4(%eax), %ebx
0x0eff0a5e:  58                       popl     %eax
0x0eff0a5f:  83 fb fc                 cmpl     $-4, %ebx
0x0eff0a62:  0f 84 f8 01 00 00        je       0xeff0c60

----------------
IN: 
0x0eff0a68:  66 81 7b 14 04 06        cmpw     $0x604, 0x14(%ebx)
0x0eff0a6e:  75 0f                    jne      0xeff0a7f

----------------
IN: 
0x0eff0a7f:  8b 03                    movl     (%ebx), %eax
0x0eff0a81:  0f b6 c4                 movzbl   %ah, %eax
0x0eff0a84:  6b c0 28                 imull    $0x28, %eax, %eax
0x0eff0a87:  8b 7c 24 18              movl     0x18(%esp), %edi
0x0eff0a8b:  01 f8                    addl     %edi, %eax
0x0eff0a8d:  89 44 24 1c              movl     %eax, 0x1c(%esp)
0x0eff0a91:  83 78 24 00              cmpl     $0, 0x24(%eax)
0x0eff0a95:  75 04                    jne      0xeff0a9b

----------------
IN: 
0x0eff0a97:  89 7c 24 1c              movl     %edi, 0x1c(%esp)
0x0eff0a9b:  31 ed                    xorl     %ebp, %ebp
0x0eff0a9d:  66 81 7b 14 04 06        cmpw     $0x604, 0x14(%ebx)
0x0eff0aa3:  75 0b                    jne      0xeff0ab0

----------------
IN: 
0x0eff0ab0:  83 fd 06                 cmpl     $6, %ebp
0x0eff0ab3:  74 09                    je       0xeff0abe

----------------
IN: 
0x0eff0ab5:  8d 34 ad 10 00 00 00     leal     0x10(, %ebp, 4), %esi
0x0eff0abc:  eb 14                    jmp      0xeff0ad2

----------------
IN: 
0x0eff0ad2:  0f b7 3b                 movzwl   (%ebx), %edi
0x0eff0ad5:  89 f2                    movl     %esi, %edx
0x0eff0ad7:  89 f8                    movl     %edi, %eax
0x0eff0ad9:  e8 31 9a 0f f1           calll    0xea50f

----------------
IN: 
0x0eff0ade:  89 44 24 14              movl     %eax, 0x14(%esp)
0x0eff0ae2:  83 fd 06                 cmpl     $6, %ebp
0x0eff0ae5:  75 2b                    jne      0xeff0b12

----------------
IN: 
0x0eff0b12:  f6 44 24 14 01           testb    $1, 0x14(%esp)
0x0eff0b17:  75 38                    jne      0xeff0b51

----------------
IN: 
0x0eff0b19:  8b 44 24 14              movl     0x14(%esp), %eax
0x0eff0b1d:  83 e0 08                 andl     $8, %eax
0x0eff0b20:  83 f8 01                 cmpl     $1, %eax
0x0eff0b23:  19 c0                    sbbl     %eax, %eax
0x0eff0b25:  89 44 24 08              movl     %eax, 8(%esp)
0x0eff0b29:  83 44 24 08 02           addl     $2, 8(%esp)
0x0eff0b2e:  8b 44 24 14              movl     0x14(%esp), %eax
0x0eff0b32:  83 e0 06                 andl     $6, %eax
0x0eff0b35:  83 f8 04                 cmpl     $4, %eax
0x0eff0b38:  0f 94 c0                 sete     %al
0x0eff0b3b:  0f b6 c0                 movzbl   %al, %eax
0x0eff0b3e:  89 04 24                 movl     %eax, (%esp)
0x0eff0b41:  c7 44 24 0c f0 ff ff ff  movl     $0xfffffff0, 0xc(%esp)
0x0eff0b49:  31 d2                    xorl     %edx, %edx
0x0eff0b4b:  89 54 24 10              movl     %edx, 0x10(%esp)
0x0eff0b4f:  eb 15                    jmp      0xeff0b66

----------------
IN: 
0x0eff0b66:  83 c9 ff                 orl      $0xffffffff, %ecx
0x0eff0b69:  89 f2                    movl     %esi, %edx
0x0eff0b6b:  89 f8                    movl     %edi, %eax
0x0eff0b6d:  e8 e0 98 0f f1           calll    0xea452

----------------
IN: 
0x000ea452:  53                       pushl    %ebx
0x000ea453:  8b 1d f8 4d 0f 00        movl     0xf4df8, %ebx
0x000ea459:  0f b7 c0                 movzwl   %ax, %eax
0x000ea45c:  85 db                    testl    %ebx, %ebx
0x000ea45e:  74 0b                    je       0xea46b

----------------
IN: 
0x000ea46b:  c1 e0 08                 shll     $8, %eax
0x000ea46e:  81 e2 fc 00 00 00        andl     $0xfc, %edx
0x000ea474:  09 d0                    orl      %edx, %eax
0x000ea476:  0d 00 00 00 80           orl      $0x80000000, %eax
0x000ea47b:  ba f8 0c 00 00           movl     $0xcf8, %edx
0x000ea480:  ef                       outl     %eax, %dx

----------------
IN: 
0x000ea481:  ba fc 0c 00 00           movl     $0xcfc, %edx
0x000ea486:  89 c8                    movl     %ecx, %eax
0x000ea488:  ef                       outl     %eax, %dx

----------------
IN: 
0x000ea489:  5b                       popl     %ebx
0x000ea48a:  c3                       retl     

----------------
IN: 
0x0eff0b72:  89 f2                    movl     %esi, %edx
0x0eff0b74:  89 f8                    movl     %edi, %eax
0x0eff0b76:  e8 94 99 0f f1           calll    0xea50f

----------------
IN: 
0x0eff0b7b:  89 44 24 20              movl     %eax, 0x20(%esp)
0x0eff0b7f:  31 c0                    xorl     %eax, %eax
0x0eff0b81:  89 44 24 24              movl     %eax, 0x24(%esp)
0x0eff0b85:  8b 4c 24 14              movl     0x14(%esp), %ecx
0x0eff0b89:  89 f2                    movl     %esi, %edx
0x0eff0b8b:  89 f8                    movl     %edi, %eax
0x0eff0b8d:  e8 c0 98 0f f1           calll    0xea452

----------------
IN: 
0x0eff0b92:  83 3c 24 00              cmpl     $0, (%esp)
0x0eff0b96:  74 57                    je       0xeff0bef

----------------
IN: 
0x0eff0bef:  8b 44 24 20              movl     0x20(%esp), %eax
0x0eff0bf3:  23 44 24 0c              andl     0xc(%esp), %eax
0x0eff0bf7:  f7 d8                    negl     %eax
0x0eff0bf9:  31 d2                    xorl     %edx, %edx
0x0eff0bfb:  85 d2                    testl    %edx, %edx
0x0eff0bfd:  75 04                    jne      0xeff0c03

----------------
IN: 
0x0eff0bff:  85 c0                    testl    %eax, %eax
0x0eff0c01:  74 48                    je       0xeff0c4b

----------------
IN: 
0x0eff0c4b:  45                       incl     %ebp
0x0eff0c4c:  83 fd 06                 cmpl     $6, %ebp
0x0eff0c4f:  0f 8e 48 fe ff ff        jle      0xeff0a9d

----------------
IN: 
0x0eff0a9d:  66 81 7b 14 04 06        cmpw     $0x604, 0x14(%ebx)
0x0eff0aa3:  75 0b                    jne      0xeff0ab0

----------------
IN: 
0x0eff0abe:  8a 43 18                 movb     0x18(%ebx), %al
0x0eff0ac1:  83 e0 7f                 andl     $0x7f, %eax
0x0eff0ac4:  be 30 00 00 00           movl     $0x30, %esi
0x0eff0ac9:  fe c8                    decb     %al
0x0eff0acb:  75 05                    jne      0xeff0ad2

----------------
IN: 
0x0eff0ae7:  b9 00 f8 ff ff           movl     $0xfffff800, %ecx
0x0eff0aec:  89 f2                    movl     %esi, %edx
0x0eff0aee:  89 f8                    movl     %edi, %eax
0x0eff0af0:  e8 5d 99 0f f1           calll    0xea452

----------------
IN: 
0x0eff0af5:  c7 44 24 0c 00 f8 ff ff  movl     $0xfffff800, 0xc(%esp)
0x0eff0afd:  31 c9                    xorl     %ecx, %ecx
0x0eff0aff:  89 4c 24 10              movl     %ecx, 0x10(%esp)
0x0eff0b03:  c7 44 24 08 01 00 00 00  movl     $1, 8(%esp)
0x0eff0b0b:  31 c0                    xorl     %eax, %eax
0x0eff0b0d:  89 04 24                 movl     %eax, (%esp)
0x0eff0b10:  eb 60                    jmp      0xeff0b72

----------------
IN: 
0x0eff0c55:  8b 5b 04                 movl     4(%ebx), %ebx
0x0eff0c58:  83 eb 04                 subl     $4, %ebx
0x0eff0c5b:  e9 ff fd ff ff           jmp      0xeff0a5f

----------------
IN: 
0x0eff0a5f:  83 fb fc                 cmpl     $-4, %ebx
0x0eff0a62:  0f 84 f8 01 00 00        je       0xeff0c60

----------------
IN: 
0x0eff0b51:  c7 44 24 0c fc ff ff ff  movl     $0xfffffffc, 0xc(%esp)
0x0eff0b59:  31 c0                    xorl     %eax, %eax
0x0eff0b5b:  89 44 24 10              movl     %eax, 0x10(%esp)
0x0eff0b5f:  89 44 24 08              movl     %eax, 8(%esp)
0x0eff0b63:  89 04 24                 movl     %eax, (%esp)
0x0eff0b66:  83 c9 ff                 orl      $0xffffffff, %ecx
0x0eff0b69:  89 f2                    movl     %esi, %edx
0x0eff0b6b:  89 f8                    movl     %edi, %eax
0x0eff0b6d:  e8 e0 98 0f f1           calll    0xea452

----------------
IN: 
0x0eff0c03:  83 7c 24 08 00           cmpl     $0, 8(%esp)
0x0eff0c08:  74 17                    je       0xeff0c21

----------------
IN: 
0x0eff0c21:  ff 34 24                 pushl    (%esp)
0x0eff0c24:  ff 74 24 0c              pushl    0xc(%esp)
0x0eff0c28:  52                       pushl    %edx
0x0eff0c29:  50                       pushl    %eax
0x0eff0c2a:  52                       pushl    %edx
0x0eff0c2b:  50                       pushl    %eax
0x0eff0c2c:  89 e9                    movl     %ebp, %ecx
0x0eff0c2e:  89 da                    movl     %ebx, %edx
0x0eff0c30:  8b 44 24 34              movl     0x34(%esp), %eax
0x0eff0c34:  e8 f3 e0 ff ff           calll    0xefeed2c

----------------
IN: 
0x0efeed2c:  55                       pushl    %ebp
0x0efeed2d:  57                       pushl    %edi
0x0efeed2e:  56                       pushl    %esi
0x0efeed2f:  53                       pushl    %ebx
0x0efeed30:  83 ec 10                 subl     $0x10, %esp
0x0efeed33:  89 c7                    movl     %eax, %edi
0x0efeed35:  89 14 24                 movl     %edx, (%esp)
0x0efeed38:  89 4c 24 0c              movl     %ecx, 0xc(%esp)
0x0efeed3c:  8b 44 24 24              movl     0x24(%esp), %eax
0x0efeed40:  89 44 24 04              movl     %eax, 4(%esp)
0x0efeed44:  8b 44 24 28              movl     0x28(%esp), %eax
0x0efeed48:  89 44 24 08              movl     %eax, 8(%esp)
0x0efeed4c:  8b 74 24 2c              movl     0x2c(%esp), %esi
0x0efeed50:  8b 6c 24 30              movl     0x30(%esp), %ebp
0x0efeed54:  b8 28 00 00 00           movl     $0x28, %eax
0x0efeed59:  e8 e4 fc ff ff           calll    0xefeea42

----------------
IN: 
0x0efeed5e:  89 c3                    movl     %eax, %ebx
0x0efeed60:  85 c0                    testl    %eax, %eax
0x0efeed62:  75 14                    jne      0xefeed78

----------------
IN: 
0x0efeed78:  b9 28 00 00 00           movl     $0x28, %ecx
0x0efeed7d:  31 d2                    xorl     %edx, %edx
0x0efeed7f:  e8 a2 c9 0f f1           calll    0xeb726

----------------
IN: 
0x0efeed84:  8b 04 24                 movl     (%esp), %eax
0x0efeed87:  89 03                    movl     %eax, (%ebx)
0x0efeed89:  8b 44 24 0c              movl     0xc(%esp), %eax
0x0efeed8d:  89 43 04                 movl     %eax, 4(%ebx)
0x0efeed90:  8b 44 24 04              movl     4(%esp), %eax
0x0efeed94:  89 43 08                 movl     %eax, 8(%ebx)
0x0efeed97:  8b 44 24 08              movl     8(%esp), %eax
0x0efeed9b:  89 43 0c                 movl     %eax, 0xc(%ebx)
0x0efeed9e:  89 73 10                 movl     %esi, 0x10(%ebx)
0x0efeeda1:  89 6b 14                 movl     %ebp, 0x14(%ebx)
0x0efeeda4:  8b 44 24 38              movl     0x38(%esp), %eax
0x0efeeda8:  89 43 18                 movl     %eax, 0x18(%ebx)
0x0efeedab:  8b 44 24 34              movl     0x34(%esp), %eax
0x0efeedaf:  89 43 1c                 movl     %eax, 0x1c(%ebx)
0x0efeedb2:  6b c0 0c                 imull    $0xc, %eax, %eax
0x0efeedb5:  8d 54 07 08              leal     8(%edi, %eax), %edx
0x0efeedb9:  8b 44 07 08              movl     8(%edi, %eax), %eax
0x0efeedbd:  85 c0                    testl    %eax, %eax
0x0efeedbf:  74 32                    je       0xefeedf3

----------------
IN: 
0x0efeedf3:  8d 43 20                 leal     0x20(%ebx), %eax
0x0efeedf6:  e8 96 d2 ff ff           calll    0xefec091

----------------
IN: 
0x0efeedfb:  89 d8                    movl     %ebx, %eax
0x0efeedfd:  83 c4 10                 addl     $0x10, %esp
0x0efeee00:  5b                       popl     %ebx
0x0efeee01:  5e                       popl     %esi
0x0efeee02:  5f                       popl     %edi
0x0efeee03:  5d                       popl     %ebp
0x0efeee04:  c3                       retl     

----------------
IN: 
0x0eff0c39:  83 c4 18                 addl     $0x18, %esp
0x0eff0c3c:  85 c0                    testl    %eax, %eax
0x0eff0c3e:  75 08                    jne      0xeff0c48

----------------
IN: 
0x0eff0c48:  03 2c 24                 addl     (%esp), %ebp
0x0eff0c4b:  45                       incl     %ebp
0x0eff0c4c:  83 fd 06                 cmpl     $6, %ebp
0x0eff0c4f:  0f 8e 48 fe ff ff        jle      0xeff0a9d

----------------
IN: 
0x0eff0c0a:  b9 ff 0f 00 00           movl     $0xfff, %ecx
0x0eff0c0f:  39 c1                    cmpl     %eax, %ecx
0x0eff0c11:  b9 00 00 00 00           movl     $0, %ecx
0x0eff0c16:  19 d1                    sbbl     %edx, %ecx
0x0eff0c18:  72 07                    jb       0xeff0c21

----------------
IN: 
0x0efeedc1:  8b 02                    movl     (%edx), %eax
0x0efeedc3:  8b 78 f0                 movl     -0x10(%eax), %edi
0x0efeedc6:  89 3c 24                 movl     %edi, (%esp)
0x0efeedc9:  8b 48 f4                 movl     -0xc(%eax), %ecx
0x0efeedcc:  39 f7                    cmpl     %esi, %edi
0x0efeedce:  89 cf                    movl     %ecx, %edi
0x0efeedd0:  19 ef                    sbbl     %ebp, %edi
0x0efeedd2:  72 1f                    jb       0xefeedf3

----------------
IN: 
0x0eff0c60:  a1 2c 56 0f 00           movl     0xf562c, %eax
0x0eff0c65:  89 44 24 28              movl     %eax, 0x28(%esp)
0x0eff0c69:  6b c0 28                 imull    $0x28, %eax, %eax
0x0eff0c6c:  8b 7c 24 18              movl     0x18(%esp), %edi
0x0eff0c70:  8d 2c 07                 leal     (%edi, %eax), %ebp
0x0eff0c73:  83 7c 24 28 00           cmpl     $0, 0x28(%esp)
0x0eff0c78:  0f 8e d5 03 00 00        jle      0xeff1053

----------------
IN: 
0x0eff1053:  31 c0                    xorl     %eax, %eax
0x0eff1055:  eb 36                    jmp      0xeff108d

----------------
IN: 
0x0eff108d:  83 c4 3c                 addl     $0x3c, %esp
0x0eff1090:  5b                       popl     %ebx
0x0eff1091:  5e                       popl     %esi
0x0eff1092:  5f                       popl     %edi
0x0eff1093:  5d                       popl     %ebp
0x0eff1094:  c3                       retl     

----------------
IN: 
0x0eff77a0:  89 44 24 08              movl     %eax, 8(%esp)
0x0eff77a4:  85 c0                    testl    %eax, %eax
0x0eff77a6:  0f 85 8b 04 00 00        jne      0xeff7c37

----------------
IN: 
0x0eff77ac:  68 fb 2b 0f 00           pushl    $0xf2bfb
0x0eff77b1:  e8 6c 57 0f f1           calll    0xecf22

----------------
IN: 
0x0eff77b6:  89 e8                    movl     %ebp, %eax
0x0eff77b8:  e8 05 51 ff ff           calll    0xefec8c2

----------------
IN: 
0x0efec8c2:  55                       pushl    %ebp
0x0efec8c3:  89 e5                    movl     %esp, %ebp
0x0efec8c5:  53                       pushl    %ebx
0x0efec8c6:  8b 50 08                 movl     8(%eax), %edx
0x0efec8c9:  83 ea 20                 subl     $0x20, %edx
0x0efec8cc:  31 c9                    xorl     %ecx, %ecx
0x0efec8ce:  31 db                    xorl     %ebx, %ebx
0x0efec8d0:  83 fa e0                 cmpl     $-0x20, %edx
0x0efec8d3:  74 0e                    je       0xefec8e3

----------------
IN: 
0x0efec8d5:  03 4a 08                 addl     8(%edx), %ecx
0x0efec8d8:  13 5a 0c                 adcl     0xc(%edx), %ebx
0x0efec8db:  8b 52 20                 movl     0x20(%edx), %edx
0x0efec8de:  83 ea 20                 subl     $0x20, %edx
0x0efec8e1:  eb ed                    jmp      0xefec8d0

----------------
IN: 
0x0efec8d0:  83 fa e0                 cmpl     $-0x20, %edx
0x0efec8d3:  74 0e                    je       0xefec8e3

----------------
IN: 
0x0efec8e3:  89 c8                    movl     %ecx, %eax
0x0efec8e5:  89 da                    movl     %ebx, %edx
0x0efec8e7:  5b                       popl     %ebx
0x0efec8e8:  5d                       popl     %ebp
0x0efec8e9:  c3                       retl     

----------------
IN: 
0x0eff77bd:  59                       popl     %ecx
0x0eff77be:  b9 ff 3f 00 00           movl     $0x3fff, %ecx
0x0eff77c3:  39 c1                    cmpl     %eax, %ecx
0x0eff77c5:  8b 7c 24 08              movl     8(%esp), %edi
0x0eff77c9:  19 d7                    sbbl     %edx, %edi
0x0eff77cb:  73 27                    jae      0xeff77f4

----------------
IN: 
0x0eff77f4:  b9 00 c0 00 00           movl     $0xc000, %ecx
0x0eff77f9:  31 db                    xorl     %ebx, %ebx
0x0eff77fb:  89 4d 00                 movl     %ecx, (%ebp)
0x0eff77fe:  89 5d 04                 movl     %ebx, 4(%ebp)
0x0eff7801:  89 ce                    movl     %ecx, %esi
0x0eff7803:  89 df                    movl     %ebx, %edi
0x0eff7805:  83 c6 ff                 addl     $-1, %esi
0x0eff7808:  83 d7 ff                 adcl     $-1, %edi
0x0eff780b:  01 c6                    addl     %eax, %esi
0x0eff780d:  11 d7                    adcl     %edx, %edi
0x0eff780f:  57                       pushl    %edi
0x0eff7810:  56                       pushl    %esi
0x0eff7811:  53                       pushl    %ebx
0x0eff7812:  51                       pushl    %ecx
0x0eff7813:  68 1f 2c 0f 00           pushl    $0xf2c1f
0x0eff7818:  e8 05 57 0f f1           calll    0xecf22

----------------
IN: 
0x0eff781d:  6a 00                    pushl    $0
0x0eff781f:  68 00 00 c0 fe           pushl    $0xfec00000
0x0eff7824:  ff 35 d4 fd ff 0e        pushl    0xefffdd4
0x0eff782a:  ff 35 d0 fd ff 0e        pushl    0xefffdd0
0x0eff7830:  68 37 2c 0f 00           pushl    $0xf2c37
0x0eff7835:  e8 e8 56 0f f1           calll    0xecf22

----------------
IN: 
0x0eff783a:  83 c4 28                 addl     $0x28, %esp
0x0eff783d:  83 3d c4 fd ff 0e 00     cmpl     $0, 0xefffdc4
0x0eff7844:  74 45                    je       0xeff788b

----------------
IN: 
0x0eff788b:  89 e8                    movl     %ebp, %eax
0x0eff788d:  e8 9c 50 ff ff           calll    0xefec92e

----------------
IN: 
0x0efec92e:  55                       pushl    %ebp
0x0efec92f:  57                       pushl    %edi
0x0efec930:  56                       pushl    %esi
0x0efec931:  53                       pushl    %ebx
0x0efec932:  83 ec 08                 subl     $8, %esp
0x0efec935:  8d 68 18                 leal     0x18(%eax), %ebp
0x0efec938:  8d 58 0c                 leal     0xc(%eax), %ebx
0x0efec93b:  89 d8                    movl     %ebx, %eax
0x0efec93d:  e8 6a ff ff ff           calll    0xefec8ac

----------------
IN: 
0x0efec8ac:  8b 40 08                 movl     8(%eax), %eax
0x0efec8af:  85 c0                    testl    %eax, %eax
0x0efec8b1:  74 07                    je       0xefec8ba

----------------
IN: 
0x0efec8b3:  8b 50 f4                 movl     -0xc(%eax), %edx
0x0efec8b6:  8b 40 f0                 movl     -0x10(%eax), %eax
0x0efec8b9:  c3                       retl     

----------------
IN: 
0x0efec942:  89 c6                    movl     %eax, %esi
0x0efec944:  89 d1                    movl     %edx, %ecx
0x0efec946:  89 e8                    movl     %ebp, %eax
0x0efec948:  e8 5f ff ff ff           calll    0xefec8ac

----------------
IN: 
0x0efec94d:  39 c6                    cmpl     %eax, %esi
0x0efec94f:  19 d1                    sbbl     %edx, %ecx
0x0efec951:  72 02                    jb       0xefec955

----------------
IN: 
0x0efec955:  89 d8                    movl     %ebx, %eax
0x0efec957:  e8 66 ff ff ff           calll    0xefec8c2

----------------
IN: 
0x0efec95c:  89 04 24                 movl     %eax, (%esp)
0x0efec95f:  89 54 24 04              movl     %edx, 4(%esp)
0x0efec963:  89 d8                    movl     %ebx, %eax
0x0efec965:  e8 42 ff ff ff           calll    0xefec8ac

----------------
IN: 
0x0efec96a:  89 c6                    movl     %eax, %esi
0x0efec96c:  89 d7                    movl     %edx, %edi
0x0efec96e:  b8 00 00 c0 fe           movl     $0xfec00000, %eax
0x0efec973:  31 d2                    xorl     %edx, %edx
0x0efec975:  2b 04 24                 subl     (%esp), %eax
0x0efec978:  1b 54 24 04              sbbl     4(%esp), %edx
0x0efec97c:  f7 de                    negl     %esi
0x0efec97e:  83 d7 00                 adcl     $0, %edi
0x0efec981:  f7 df                    negl     %edi
0x0efec983:  21 c6                    andl     %eax, %esi
0x0efec985:  21 d7                    andl     %edx, %edi
0x0efec987:  89 33                    movl     %esi, (%ebx)
0x0efec989:  89 7b 04                 movl     %edi, 4(%ebx)
0x0efec98c:  89 e8                    movl     %ebp, %eax
0x0efec98e:  e8 2f ff ff ff           calll    0xefec8c2

----------------
IN: 
0x0efec993:  89 c1                    movl     %eax, %ecx
0x0efec995:  89 d3                    movl     %edx, %ebx
0x0efec997:  89 e8                    movl     %ebp, %eax
0x0efec999:  e8 0e ff ff ff           calll    0xefec8ac

----------------
IN: 
0x0efec99e:  29 ce                    subl     %ecx, %esi
0x0efec9a0:  19 df                    sbbl     %ebx, %edi
0x0efec9a2:  f7 d8                    negl     %eax
0x0efec9a4:  83 d2 00                 adcl     $0, %edx
0x0efec9a7:  f7 da                    negl     %edx
0x0efec9a9:  21 c6                    andl     %eax, %esi
0x0efec9ab:  21 d7                    andl     %edx, %edi
0x0efec9ad:  89 75 00                 movl     %esi, (%ebp)
0x0efec9b0:  89 7d 04                 movl     %edi, 4(%ebp)
0x0efec9b3:  3b 35 d0 fd ff 0e        cmpl     0xefffdd0, %esi
0x0efec9b9:  89 f8                    movl     %edi, %eax
0x0efec9bb:  1b 05 d4 fd ff 0e        sbbl     0xefffdd4, %eax
0x0efec9c1:  0f 92 c1                 setb     %cl
0x0efec9c4:  bb 00 00 c0 fe           movl     $0xfec00000, %ebx
0x0efec9c9:  31 c0                    xorl     %eax, %eax
0x0efec9cb:  39 f3                    cmpl     %esi, %ebx
0x0efec9cd:  19 f8                    sbbl     %edi, %eax
0x0efec9cf:  0f 92 c0                 setb     %al
0x0efec9d2:  09 c8                    orl      %ecx, %eax
0x0efec9d4:  0f b6 c0                 movzbl   %al, %eax
0x0efec9d7:  f7 d8                    negl     %eax
0x0efec9d9:  83 c4 08                 addl     $8, %esp
0x0efec9dc:  5b                       popl     %ebx
0x0efec9dd:  5e                       popl     %esi
0x0efec9de:  5f                       popl     %edi
0x0efec9df:  5d                       popl     %ebp
0x0efec9e0:  c3                       retl     

----------------
IN: 
0x0eff7892:  85 c0                    testl    %eax, %eax
0x0eff7894:  75 b0                    jne      0xeff7846

----------------
IN: 
0x0eff7896:  e9 32 02 00 00           jmp      0xeff7acd

----------------
IN: 
0x0eff7acd:  89 eb                    movl     %ebp, %ebx
0x0eff7acf:  8b 44 24 08              movl     8(%esp), %eax
0x0eff7ad3:  3b 05 2c 56 0f 00        cmpl     0xf562c, %eax
0x0eff7ad9:  7f 1e                    jg       0xeff7af9

----------------
IN: 
0x0eff7adb:  89 de                    movl     %ebx, %esi
0x0eff7add:  89 f2                    movl     %esi, %edx
0x0eff7adf:  89 e8                    movl     %ebp, %eax
0x0eff7ae1:  e8 32 88 ff ff           calll    0xeff0318

----------------
IN: 
0x0eff0318:  55                       pushl    %ebp
0x0eff0319:  57                       pushl    %edi
0x0eff031a:  56                       pushl    %esi
0x0eff031b:  53                       pushl    %ebx
0x0eff031c:  83 ec 1c                 subl     $0x1c, %esp
0x0eff031f:  89 44 24 18              movl     %eax, 0x18(%esp)
0x0eff0323:  89 54 24 10              movl     %edx, 0x10(%esp)
0x0eff0327:  8b 42 08                 movl     8(%edx), %eax
0x0eff032a:  8d 58 e0                 leal     -0x20(%eax), %ebx
0x0eff032d:  83 fb e0                 cmpl     $-0x20, %ebx
0x0eff0330:  0f 84 d4 01 00 00        je       0xeff050a

----------------
IN: 
0x0eff0336:  8b 43 20                 movl     0x20(%ebx), %eax
0x0eff0339:  89 44 24 14              movl     %eax, 0x14(%esp)
0x0eff033d:  8b 44 24 10              movl     0x10(%esp), %eax
0x0eff0341:  8b 50 04                 movl     4(%eax), %edx
0x0eff0344:  8b 00                    movl     (%eax), %eax
0x0eff0346:  89 04 24                 movl     %eax, (%esp)
0x0eff0349:  89 54 24 04              movl     %edx, 4(%esp)
0x0eff034d:  8b 73 08                 movl     8(%ebx), %esi
0x0eff0350:  8b 7b 0c                 movl     0xc(%ebx), %edi
0x0eff0353:  01 f0                    addl     %esi, %eax
0x0eff0355:  11 fa                    adcl     %edi, %edx
0x0eff0357:  89 44 24 08              movl     %eax, 8(%esp)
0x0eff035b:  89 54 24 0c              movl     %edx, 0xc(%esp)
0x0eff035f:  8b 4c 24 10              movl     0x10(%esp), %ecx
0x0eff0363:  89 01                    movl     %eax, (%ecx)
0x0eff0365:  89 51 04                 movl     %edx, 4(%ecx)
0x0eff0368:  8b 4b 04                 movl     4(%ebx), %ecx
0x0eff036b:  8b 53 1c                 movl     0x1c(%ebx), %edx
0x0eff036e:  8b 03                    movl     (%ebx), %eax
0x0eff0370:  83 f9 ff                 cmpl     $-1, %ecx
0x0eff0373:  75 1e                    jne      0xeff0393

----------------
IN: 
0x0eff0393:  85 c9                    testl    %ecx, %ecx
0x0eff0395:  78 3d                    js       0xeff03d4

----------------
IN: 
0x0eff0397:  ff 34 95 9c fb ff 0e     pushl    0xefffb9c(, %edx, 4)
0x0eff039e:  57                       pushl    %edi
0x0eff039f:  56                       pushl    %esi
0x0eff03a0:  ff 74 24 10              pushl    0x10(%esp)
0x0eff03a4:  ff 74 24 10              pushl    0x10(%esp)
0x0eff03a8:  51                       pushl    %ecx
0x0eff03a9:  50                       pushl    %eax
0x0eff03aa:  68 b5 14 0f 00           pushl    $0xf14b5
0x0eff03af:  e8 6e cb 0f f1           calll    0xecf22

----------------
IN: 
0x000ec7f5:  46                       incl     %esi
0x000ec7f6:  8b 17                    movl     (%edi), %edx
0x000ec7f8:  0f b6 d6                 movzbl   %dh, %edx
0x000ec7fb:  6a 00                    pushl    $0
0x000ec7fd:  b9 02 00 00 00           movl     $2, %ecx
0x000ec802:  89 e8                    movl     %ebp, %eax
0x000ec804:  e8 09 db ff ff           calll    0xea312

----------------
IN: 
0x000ec809:  ba 3a 00 00 00           movl     $0x3a, %edx
0x000ec80e:  89 e8                    movl     %ebp, %eax
0x000ec810:  e8 86 da ff ff           calll    0xea29b

----------------
IN: 
0x000ec815:  8a 17                    movb     (%edi), %dl
0x000ec817:  c0 ea 03                 shrb     $3, %dl
0x000ec81a:  0f b6 d2                 movzbl   %dl, %edx
0x000ec81d:  6a 00                    pushl    $0
0x000ec81f:  b9 02 00 00 00           movl     $2, %ecx
0x000ec824:  89 e8                    movl     %ebp, %eax
0x000ec826:  e8 e7 da ff ff           calll    0xea312

----------------
IN: 
0x000ec82b:  ba 2e 00 00 00           movl     $0x2e, %edx
0x000ec830:  89 e8                    movl     %ebp, %eax
0x000ec832:  e8 64 da ff ff           calll    0xea29b

----------------
IN: 
0x000ec837:  8b 17                    movl     (%edi), %edx
0x000ec839:  83 e2 07                 andl     $7, %edx
0x000ec83c:  31 c9                    xorl     %ecx, %ecx
0x000ec83e:  89 e8                    movl     %ebp, %eax
0x000ec840:  e8 a9 da ff ff           calll    0xea2ee

----------------
IN: 
0x000ec845:  58                       popl     %eax
0x000ec846:  5a                       popl     %edx
0x000ec847:  e9 8c 00 00 00           jmp      0xec8d8

----------------
IN: 
0x0eff03b4:  83 c4 20                 addl     $0x20, %esp
0x0eff03b7:  8b 53 04                 movl     4(%ebx), %edx
0x0eff03ba:  ff 73 18                 pushl    0x18(%ebx)
0x0eff03bd:  ff 74 24 08              pushl    8(%esp)
0x0eff03c1:  ff 74 24 08              pushl    8(%esp)
0x0eff03c5:  8b 03                    movl     (%ebx), %eax
0x0eff03c7:  e8 78 d1 ff ff           calll    0xefed544

----------------
IN: 
0x0efed544:  55                       pushl    %ebp
0x0efed545:  57                       pushl    %edi
0x0efed546:  56                       pushl    %esi
0x0efed547:  53                       pushl    %ebx
0x0efed548:  89 c6                    movl     %eax, %esi
0x0efed54a:  8b 4c 24 14              movl     0x14(%esp), %ecx
0x0efed54e:  8b 7c 24 18              movl     0x18(%esp), %edi
0x0efed552:  8b 6c 24 1c              movl     0x1c(%esp), %ebp
0x0efed556:  83 fa 06                 cmpl     $6, %edx
0x0efed559:  74 09                    je       0xefed564

----------------
IN: 
0x0efed55b:  8d 1c 95 10 00 00 00     leal     0x10(, %edx, 4), %ebx
0x0efed562:  eb 14                    jmp      0xefed578

----------------
IN: 
0x0efed578:  0f b7 06                 movzwl   (%esi), %eax
0x0efed57b:  89 da                    movl     %ebx, %edx
0x0efed57d:  e8 d0 ce 0f f1           calll    0xea452

----------------
IN: 
0x0efed582:  85 ed                    testl    %ebp, %ebp
0x0efed584:  74 11                    je       0xefed597

----------------
IN: 
0x0efed597:  5b                       popl     %ebx
0x0efed598:  5e                       popl     %esi
0x0efed599:  5f                       popl     %edi
0x0efed59a:  5d                       popl     %ebp
0x0efed59b:  c3                       retl     

----------------
IN: 
0x0eff03cc:  83 c4 0c                 addl     $0xc, %esp
0x0eff03cf:  e9 1b 01 00 00           jmp      0xeff04ef

----------------
IN: 
0x0eff04ef:  8d 43 20                 leal     0x20(%ebx), %eax
0x0eff04f2:  e8 89 bb ff ff           calll    0xefec080

----------------
IN: 
0x0efec080:  89 c2                    movl     %eax, %edx
0x0efec082:  8b 00                    movl     (%eax), %eax
0x0efec084:  8b 52 04                 movl     4(%edx), %edx
0x0efec087:  89 02                    movl     %eax, (%edx)
0x0efec089:  85 c0                    testl    %eax, %eax
0x0efec08b:  74 03                    je       0xefec090

----------------
IN: 
0x0efec08d:  89 50 04                 movl     %edx, 4(%eax)
0x0efec090:  c3                       retl     

----------------
IN: 
0x0eff04f7:  89 d8                    movl     %ebx, %eax
0x0eff04f9:  e8 e5 df ff ff           calll    0xefee4e3

----------------
IN: 
0x0efee4e3:  85 c0                    testl    %eax, %eax
0x0efee4e5:  74 18                    je       0xefee4ff

----------------
IN: 
0x0efee4e7:  e8 ee de ff ff           calll    0xefec3da

----------------
IN: 
0x0efec3da:  56                       pushl    %esi
0x0efec3db:  53                       pushl    %ebx
0x0efec3dc:  89 c6                    movl     %eax, %esi
0x0efec3de:  e8 d9 ff ff ff           calll    0xefec3bc

----------------
IN: 
0x0efec3bc:  89 c1                    movl     %eax, %ecx
0x0efec3be:  31 d2                    xorl     %edx, %edx
0x0efec3c0:  8b 04 95 64 fe ff 0e     movl     0xefffe64(, %edx, 4), %eax
0x0efec3c7:  8b 00                    movl     (%eax), %eax
0x0efec3c9:  85 c0                    testl    %eax, %eax
0x0efec3cb:  74 06                    je       0xefec3d3

----------------
IN: 
0x0efec3cd:  39 48 08                 cmpl     %ecx, 8(%eax)
0x0efec3d0:  75 f5                    jne      0xefec3c7

----------------
IN: 
0x0efec3c7:  8b 00                    movl     (%eax), %eax
0x0efec3c9:  85 c0                    testl    %eax, %eax
0x0efec3cb:  74 06                    je       0xefec3d3

----------------
IN: 
0x0efec3d3:  42                       incl     %edx
0x0efec3d4:  83 fa 05                 cmpl     $5, %edx
0x0efec3d7:  75 e7                    jne      0xefec3c0

----------------
IN: 
0x0efec3c0:  8b 04 95 64 fe ff 0e     movl     0xefffe64(, %edx, 4), %eax
0x0efec3c7:  8b 00                    movl     (%eax), %eax
0x0efec3c9:  85 c0                    testl    %eax, %eax
0x0efec3cb:  74 06                    je       0xefec3d3

----------------
IN: 
0x0efec3d2:  c3                       retl     

----------------
IN: 
0x0efec3e3:  39 f0                    cmpl     %esi, %eax
0x0efec3e5:  74 22                    je       0xefec409

----------------
IN: 
0x0efec3e7:  89 c3                    movl     %eax, %ebx
0x0efec3e9:  85 c0                    testl    %eax, %eax
0x0efec3eb:  74 1c                    je       0xefec409

----------------
IN: 
0x0efec3ed:  83 c8 ff                 orl      $0xffffffff, %eax
0x0efec3f0:  83 7b 10 00              cmpl     $0, 0x10(%ebx)
0x0efec3f4:  74 16                    je       0xefec40c

----------------
IN: 
0x0efec3f6:  89 d8                    movl     %ebx, %eax
0x0efec3f8:  e8 a6 ff ff ff           calll    0xefec3a3

----------------
IN: 
0x0efec3a3:  8b 10                    movl     (%eax), %edx
0x0efec3a5:  85 d2                    testl    %edx, %edx
0x0efec3a7:  74 0e                    je       0xefec3b7

----------------
IN: 
0x0efec3a9:  8b 48 08                 movl     8(%eax), %ecx
0x0efec3ac:  39 4a 0c                 cmpl     %ecx, 0xc(%edx)
0x0efec3af:  75 06                    jne      0xefec3b7

----------------
IN: 
0x0efec3b1:  8b 48 0c                 movl     0xc(%eax), %ecx
0x0efec3b4:  89 4a 0c                 movl     %ecx, 0xc(%edx)
0x0efec3b7:  e9 c4 fc ff ff           jmp      0xefec080

----------------
IN: 
0x0efec3fd:  8d 43 ec                 leal     -0x14(%ebx), %eax
0x0efec400:  e8 9e ff ff ff           calll    0xefec3a3

----------------
IN: 
0x0efec405:  31 c0                    xorl     %eax, %eax
0x0efec407:  eb 03                    jmp      0xefec40c

----------------
IN: 
0x0efec40c:  5b                       popl     %ebx
0x0efec40d:  5e                       popl     %esi
0x0efec40e:  c3                       retl     

----------------
IN: 
0x0efee4ec:  85 c0                    testl    %eax, %eax
0x0efee4ee:  74 0f                    je       0xefee4ff

----------------
IN: 
0x0efee4ff:  c3                       retl     

----------------
IN: 
0x0eff04fe:  8b 5c 24 14              movl     0x14(%esp), %ebx
0x0eff0502:  83 eb 20                 subl     $0x20, %ebx
0x0eff0505:  e9 23 fe ff ff           jmp      0xeff032d

----------------
IN: 
0x0eff032d:  83 fb e0                 cmpl     $-0x20, %ebx
0x0eff0330:  0f 84 d4 01 00 00        je       0xeff050a

----------------
IN: 
0x0efec090:  c3                       retl     

----------------
IN: 
0x0eff050a:  83 c4 1c                 addl     $0x1c, %esp
0x0eff050d:  5b                       popl     %ebx
0x0eff050e:  5e                       popl     %esi
0x0eff050f:  5f                       popl     %edi
0x0eff0510:  5d                       popl     %ebp
0x0eff0511:  c3                       retl     

----------------
IN: 
0x0eff7ae6:  83 c6 0c                 addl     $0xc, %esi
0x0eff7ae9:  8d 43 24                 leal     0x24(%ebx), %eax
0x0eff7aec:  39 f0                    cmpl     %esi, %eax
0x0eff7aee:  75 ed                    jne      0xeff7add

----------------
IN: 
0x0eff7add:  89 f2                    movl     %esi, %edx
0x0eff7adf:  89 e8                    movl     %ebp, %eax
0x0eff7ae1:  e8 32 88 ff ff           calll    0xeff0318

----------------
IN: 
0x0efed564:  8a 40 18                 movb     0x18(%eax), %al
0x0efed567:  83 e0 7f                 andl     $0x7f, %eax
0x0efed56a:  bb 30 00 00 00           movl     $0x30, %ebx
0x0efed56f:  fe c8                    decb     %al
0x0efed571:  75 05                    jne      0xefed578

----------------
IN: 
0x0eff7af0:  ff 44 24 08              incl     8(%esp)
0x0eff7af4:  83 c3 28                 addl     $0x28, %ebx
0x0eff7af7:  eb d6                    jmp      0xeff7acf

----------------
IN: 
0x0eff7acf:  8b 44 24 08              movl     8(%esp), %eax
0x0eff7ad3:  3b 05 2c 56 0f 00        cmpl     0xf562c, %eax
0x0eff7ad9:  7f 1e                    jg       0xeff7af9

----------------
IN: 
0x0eff7af9:  a1 f8 fd ff 0e           movl     0xefffdf8, %eax
0x0eff7afe:  8d 58 fc                 leal     -4(%eax), %ebx
0x0eff7b01:  83 fb fc                 cmpl     $-4, %ebx
0x0eff7b04:  0f 84 84 00 00 00        je       0xeff7b8e

----------------
IN: 
0x0eff7b0a:  0f b7 43 12              movzwl   0x12(%ebx), %eax
0x0eff7b0e:  50                       pushl    %eax
0x0eff7b0f:  0f b7 43 10              movzwl   0x10(%ebx), %eax
0x0eff7b13:  50                       pushl    %eax
0x0eff7b14:  53                       pushl    %ebx
0x0eff7b15:  68 c7 2c 0f 00           pushl    $0xf2cc7
0x0eff7b1a:  e8 03 54 0f f1           calll    0xecf22

----------------
IN: 
0x0eff7b1f:  0f b7 33                 movzwl   (%ebx), %esi
0x0eff7b22:  ba 3d 00 00 00           movl     $0x3d, %edx
0x0eff7b27:  89 f0                    movl     %esi, %eax
0x0eff7b29:  e8 53 2a 0f f1           calll    0xea581

----------------
IN: 
0x0eff7b2e:  0f b6 d0                 movzbl   %al, %edx
0x0eff7b31:  83 c4 10                 addl     $0x10, %esp
0x0eff7b34:  85 d2                    testl    %edx, %edx
0x0eff7b36:  74 17                    je       0xeff7b4f

----------------
IN: 
0x0eff7b4f:  89 da                    movl     %ebx, %edx
0x0eff7b51:  b8 80 fa ff 0e           movl     $0xefffa80, %eax
0x0eff7b56:  e8 9c 59 ff ff           calll    0xefed4f7

----------------
IN: 
0x0eff7b5b:  b9 03 01 00 00           movl     $0x103, %ecx
0x0eff7b60:  ba 04 00 00 00           movl     $4, %edx
0x0eff7b65:  89 f0                    movl     %esi, %eax
0x0eff7b67:  e8 cc 58 ff ff           calll    0xefed438

----------------
IN: 
0x0efed438:  57                       pushl    %edi
0x0efed439:  56                       pushl    %esi
0x0efed43a:  53                       pushl    %ebx
0x0efed43b:  89 d6                    movl     %edx, %esi
0x0efed43d:  89 cf                    movl     %ecx, %edi
0x0efed43f:  0f b7 d8                 movzwl   %ax, %ebx
0x0efed442:  89 d8                    movl     %ebx, %eax
0x0efed444:  e8 fa d0 0f f1           calll    0xea543

----------------
IN: 
0x0efed449:  09 f8                    orl      %edi, %eax
0x0efed44b:  0f b7 c8                 movzwl   %ax, %ecx
0x0efed44e:  89 f2                    movl     %esi, %edx
0x0efed450:  89 d8                    movl     %ebx, %eax
0x0efed452:  5b                       popl     %ebx
0x0efed453:  5e                       popl     %esi
0x0efed454:  5f                       popl     %edi
0x0efed455:  e9 31 d0 0f f1           jmp      0xea48b

----------------
IN: 
0x000ea48b:  56                       pushl    %esi
0x000ea48c:  53                       pushl    %ebx
0x000ea48d:  89 d3                    movl     %edx, %ebx
0x000ea48f:  8b 35 f8 4d 0f 00        movl     0xf4df8, %esi
0x000ea495:  0f b7 c0                 movzwl   %ax, %eax
0x000ea498:  85 f6                    testl    %esi, %esi
0x000ea49a:  74 0c                    je       0xea4a8

----------------
IN: 
0x000ea4a8:  c1 e0 08                 shll     $8, %eax
0x000ea4ab:  81 e2 fc 00 00 00        andl     $0xfc, %edx
0x000ea4b1:  09 d0                    orl      %edx, %eax
0x000ea4b3:  0d 00 00 00 80           orl      $0x80000000, %eax
0x000ea4b8:  ba f8 0c 00 00           movl     $0xcf8, %edx
0x000ea4bd:  ef                       outl     %eax, %dx

----------------
IN: 
0x000ea4be:  83 e3 02                 andl     $2, %ebx
0x000ea4c1:  8d 93 fc 0c 00 00        leal     0xcfc(%ebx), %edx
0x000ea4c7:  89 c8                    movl     %ecx, %eax
0x000ea4c9:  66 ef                    outw     %ax, %dx

----------------
IN: 
0x000ea4cb:  5b                       popl     %ebx
0x000ea4cc:  5e                       popl     %esi
0x000ea4cd:  c3                       retl     

----------------
IN: 
0x0eff7b6c:  f6 43 18 01              testb    $1, 0x18(%ebx)
0x0eff7b70:  74 11                    je       0xeff7b83

----------------
IN: 
0x0eff7b83:  8b 5b 04                 movl     4(%ebx), %ebx
0x0eff7b86:  83 eb 04                 subl     $4, %ebx
0x0eff7b89:  e9 73 ff ff ff           jmp      0xeff7b01

----------------
IN: 
0x0eff7b01:  83 fb fc                 cmpl     $-4, %ebx
0x0eff7b04:  0f 84 84 00 00 00        je       0xeff7b8e

----------------
IN: 
0x0eff0512:  57                       pushl    %edi
0x0eff0513:  56                       pushl    %esi
0x0eff0514:  53                       pushl    %ebx
0x0eff0515:  52                       pushl    %edx
0x0eff0516:  89 c6                    movl     %eax, %esi
0x0eff0518:  66 c7 44 24 02 00 00     movw     $0, 2(%esp)
0x0eff051f:  bb 60 00 00 00           movl     $0x60, %ebx
0x0eff0524:  0f b6 83 38 fb ff 0e     movzbl   0xefffb38(%ebx), %eax
0x0eff052b:  89 c1                    movl     %eax, %ecx
0x0eff052d:  89 c2                    movl     %eax, %edx
0x0eff052f:  c1 fa 03                 sarl     $3, %edx
0x0eff0532:  83 e1 07                 andl     $7, %ecx
0x0eff0535:  bf 01 00 00 00           movl     $1, %edi
0x0eff053a:  d3 e7                    shll     %cl, %edi
0x0eff053c:  89 f9                    movl     %edi, %ecx
0x0eff053e:  08 4c 14 02              orb      %cl, 2(%esp, %edx)
0x0eff0542:  0f b7 3e                 movzwl   (%esi), %edi
0x0eff0545:  89 c1                    movl     %eax, %ecx
0x0eff0547:  89 da                    movl     %ebx, %edx
0x0eff0549:  89 f8                    movl     %edi, %eax
0x0eff054b:  e8 7e 9f 0f f1           calll    0xea4ce

----------------
IN: 
0x000ea4ce:  56                       pushl    %esi
0x000ea4cf:  53                       pushl    %ebx
0x000ea4d0:  89 d3                    movl     %edx, %ebx
0x000ea4d2:  8b 35 f8 4d 0f 00        movl     0xf4df8, %esi
0x000ea4d8:  0f b7 c0                 movzwl   %ax, %eax
0x000ea4db:  85 f6                    testl    %esi, %esi
0x000ea4dd:  74 0b                    je       0xea4ea

----------------
IN: 
0x000ea4ea:  c1 e0 08                 shll     $8, %eax
0x000ea4ed:  81 e2 fc 00 00 00        andl     $0xfc, %edx
0x000ea4f3:  09 d0                    orl      %edx, %eax
0x000ea4f5:  0d 00 00 00 80           orl      $0x80000000, %eax
0x000ea4fa:  ba f8 0c 00 00           movl     $0xcf8, %edx
0x000ea4ff:  ef                       outl     %eax, %dx

----------------
IN: 
0x000ea500:  83 e3 03                 andl     $3, %ebx
0x000ea503:  8d 93 fc 0c 00 00        leal     0xcfc(%ebx), %edx
0x000ea509:  88 c8                    movb     %cl, %al
0x000ea50b:  ee                       outb     %al, %dx

----------------
IN: 
0x000ea50c:  5b                       popl     %ebx
0x000ea50d:  5e                       popl     %esi
0x000ea50e:  c3                       retl     

----------------
IN: 
0x0eff0550:  43                       incl     %ebx
0x0eff0551:  83 fb 64                 cmpl     $0x64, %ebx
0x0eff0554:  75 ce                    jne      0xeff0524

----------------
IN: 
0x0eff0524:  0f b6 83 38 fb ff 0e     movzbl   0xefffb38(%ebx), %eax
0x0eff052b:  89 c1                    movl     %eax, %ecx
0x0eff052d:  89 c2                    movl     %eax, %edx
0x0eff052f:  c1 fa 03                 sarl     $3, %edx
0x0eff0532:  83 e1 07                 andl     $7, %ecx
0x0eff0535:  bf 01 00 00 00           movl     $1, %edi
0x0eff053a:  d3 e7                    shll     %cl, %edi
0x0eff053c:  89 f9                    movl     %edi, %ecx
0x0eff053e:  08 4c 14 02              orb      %cl, 2(%esp, %edx)
0x0eff0542:  0f b7 3e                 movzwl   (%esi), %edi
0x0eff0545:  89 c1                    movl     %eax, %ecx
0x0eff0547:  89 da                    movl     %ebx, %edx
0x0eff0549:  89 f8                    movl     %edi, %eax
0x0eff054b:  e8 7e 9f 0f f1           calll    0xea4ce

----------------
IN: 
0x0eff0556:  0f b6 4c 24 02           movzbl   2(%esp), %ecx
0x0eff055b:  ba d0 04 00 00           movl     $0x4d0, %edx
0x0eff0560:  88 c8                    movb     %cl, %al
0x0eff0562:  ee                       outb     %al, %dx

----------------
IN: 
0x0eff0563:  0f b6 44 24 03           movzbl   3(%esp), %eax
0x0eff0568:  ba d1 04 00 00           movl     $0x4d1, %edx
0x0eff056d:  ee                       outb     %al, %dx

----------------
IN: 
0x0eff056e:  50                       pushl    %eax
0x0eff056f:  51                       pushl    %ecx
0x0eff0570:  68 f5 14 0f 00           pushl    $0xf14f5
0x0eff0575:  e8 a8 c9 0f f1           calll    0xecf22

----------------
IN: 
0x0eff057a:  83 c4 10                 addl     $0x10, %esp
0x0eff057d:  5b                       popl     %ebx
0x0eff057e:  5e                       popl     %esi
0x0eff057f:  5f                       popl     %edi
0x0eff0580:  c3                       retl     

----------------
IN: 
0x0efec842:  53                       pushl    %ebx
0x0efec843:  0f b7 18                 movzwl   (%eax), %ebx
0x0efec846:  b9 00 80 00 00           movl     $0x8000, %ecx
0x0efec84b:  ba 40 00 00 00           movl     $0x40, %edx
0x0efec850:  89 d8                    movl     %ebx, %eax
0x0efec852:  e8 34 dc 0f f1           calll    0xea48b

----------------
IN: 
0x0efec857:  ba 42 00 00 00           movl     $0x42, %edx
0x0efec85c:  89 d8                    movl     %ebx, %eax
0x0efec85e:  5b                       popl     %ebx
0x0efec85f:  e9 27 dc 0f f1           jmp      0xea48b

----------------
IN: 
0x0eff7b38:  89 d8                    movl     %ebx, %eax
0x0eff7b3a:  ff 15 c0 fd ff 0e        calll    *0xefffdc0

----------------
IN: 
0x0efec7d8:  53                       pushl    %ebx
0x0efec7d9:  89 d3                    movl     %edx, %ebx
0x0efec7db:  31 d2                    xorl     %edx, %edx
0x0efec7dd:  8b 48 0c                 movl     0xc(%eax), %ecx
0x0efec7e0:  8b 00                    movl     (%eax), %eax
0x0efec7e2:  c0 e8 03                 shrb     $3, %al
0x0efec7e5:  0f b6 c0                 movzbl   %al, %eax
0x0efec7e8:  85 c9                    testl    %ecx, %ecx
0x0efec7ea:  74 06                    je       0xefec7f2

----------------
IN: 
0x0efec7f2:  8d 44 02 ff              leal     -1(%edx, %eax), %eax
0x0efec7f6:  8d 44 18 ff              leal     -1(%eax, %ebx), %eax
0x0efec7fa:  83 e0 03                 andl     $3, %eax
0x0efec7fd:  0f b6 80 98 fb ff 0e     movzbl   0xefffb98(%eax), %eax
0x0efec804:  5b                       popl     %ebx
0x0efec805:  c3                       retl     

----------------
IN: 
0x0eff7b40:  0f b6 c8                 movzbl   %al, %ecx
0x0eff7b43:  ba 3c 00 00 00           movl     $0x3c, %edx
0x0eff7b48:  89 f0                    movl     %esi, %eax
0x0eff7b4a:  e8 7f 29 0f f1           calll    0xea4ce

----------------
IN: 
0x0efefcd3:  0f b7 00                 movzwl   (%eax), %eax
0x0efefcd6:  a3 30 4a 0f 00           movl     %eax, 0xf4a30
0x0efefcdb:  e8 41 aa 0f f1           calll    0xea721

----------------
IN: 
0x000ea721:  56                       pushl    %esi
0x000ea722:  53                       pushl    %ebx
0x000ea723:  0f b7 f0                 movzwl   %ax, %esi
0x000ea726:  b9 09 00 00 00           movl     $9, %ecx
0x000ea72b:  ba 3c 00 00 00           movl     $0x3c, %edx
0x000ea730:  89 f0                    movl     %esi, %eax
0x000ea732:  e8 97 fd ff ff           calll    0xea4ce

----------------
IN: 
0x000ea737:  66 8b 1d 3c 4a 0f 00     movw     0xf4a3c, %bx
0x000ea73e:  89 d9                    movl     %ebx, %ecx
0x000ea740:  83 c9 01                 orl      $1, %ecx
0x000ea743:  0f b7 c9                 movzwl   %cx, %ecx
0x000ea746:  ba 40 00 00 00           movl     $0x40, %edx
0x000ea74b:  89 f0                    movl     %esi, %eax
0x000ea74d:  e8 00 fd ff ff           calll    0xea452

----------------
IN: 
0x000ea752:  b9 01 00 00 00           movl     $1, %ecx
0x000ea757:  ba 80 00 00 00           movl     $0x80, %edx
0x000ea75c:  89 f0                    movl     %esi, %eax
0x000ea75e:  e8 6b fd ff ff           calll    0xea4ce

----------------
IN: 
0x000ea763:  0f b7 cb                 movzwl   %bx, %ecx
0x000ea766:  81 c1 00 01 00 00        addl     $0x100, %ecx
0x000ea76c:  83 c9 01                 orl      $1, %ecx
0x000ea76f:  ba 90 00 00 00           movl     $0x90, %edx
0x000ea774:  89 f0                    movl     %esi, %eax
0x000ea776:  e8 d7 fc ff ff           calll    0xea452

----------------
IN: 
0x000ea77b:  b9 09 00 00 00           movl     $9, %ecx
0x000ea780:  ba d2 00 00 00           movl     $0xd2, %edx
0x000ea785:  89 f0                    movl     %esi, %eax
0x000ea787:  5b                       popl     %ebx
0x000ea788:  5e                       popl     %esi
0x000ea789:  e9 40 fd ff ff           jmp      0xea4ce

----------------
IN: 
0x0efefce0:  0f b7 15 3c 4a 0f 00     movzwl   0xf4a3c, %edx
0x0efefce7:  89 d0                    movl     %edx, %eax
0x0efefce9:  83 c2 04                 addl     $4, %edx
0x0efefcec:  89 15 24 56 0f 00        movl     %edx, 0xf5624
0x0efefcf2:  83 c0 08                 addl     $8, %eax
0x0efefcf5:  0f b7 c0                 movzwl   %ax, %eax
0x0efefcf8:  e9 a5 ff ff ff           jmp      0xefefca2

----------------
IN: 
0x0efefca2:  66 83 3d d8 60 0f 00 40  cmpw     $0x40, 0xf60d8
0x0efefcaa:  75 26                    jne      0xefefcd2

----------------
IN: 
0x0efefcac:  53                       pushl    %ebx
0x0efefcad:  89 c3                    movl     %eax, %ebx
0x0efefcaf:  0f b7 c0                 movzwl   %ax, %eax
0x0efefcb2:  50                       pushl    %eax
0x0efefcb3:  68 36 10 0f 00           pushl    $0xf1036
0x0efefcb8:  e8 65 d2 0f f1           calll    0xecf22

----------------
IN: 
0x0efefcbd:  66 89 1d d8 60 0f 00     movw     %bx, 0xf60d8
0x0efefcc4:  c7 05 dc 60 0f 00 fc 0d  movl     $0xdfc, 0xf60dc
0x0efefccc:  00 00
0x0efefcce:  58                       popl     %eax
0x0efefccf:  5a                       popl     %edx
0x0efefcd0:  5b                       popl     %ebx
0x0efefcd1:  c3                       retl     

----------------
IN: 
0x0eff7b8e:  89 e8                    movl     %ebp, %eax
0x0eff7b90:  e8 4e 69 ff ff           calll    0xefee4e3

----------------
IN: 
0x0eff7b95:  a1 f8 fd ff 0e           movl     0xefffdf8, %eax
0x0eff7b9a:  8d 58 fc                 leal     -4(%eax), %ebx
0x0eff7b9d:  83 fb fc                 cmpl     $-4, %ebx
0x0eff7ba0:  74 22                    je       0xeff7bc4

----------------
IN: 
0x0eff7ba2:  89 d8                    movl     %ebx, %eax
0x0eff7ba4:  e8 65 49 ff ff           calll    0xefec50e

----------------
IN: 
0x0efec50e:  66 81 78 14 00 03        cmpw     $0x300, 0x14(%eax)
0x0efec514:  75 39                    jne      0xefec54f

----------------
IN: 
0x0efec54f:  31 c0                    xorl     %eax, %eax
0x0efec551:  c3                       retl     

----------------
IN: 
0x0eff7ba9:  85 c0                    testl    %eax, %eax
0x0eff7bab:  74 0f                    je       0xeff7bbc

----------------
IN: 
0x0eff7bbc:  8b 5b 04                 movl     4(%ebx), %ebx
0x0eff7bbf:  83 eb 04                 subl     $4, %ebx
0x0eff7bc2:  eb d9                    jmp      0xeff7b9d

----------------
IN: 
0x0eff7b9d:  83 fb fc                 cmpl     $-4, %ebx
0x0eff7ba0:  74 22                    je       0xeff7bc4

----------------
IN: 
0x0efec516:  53                       pushl    %ebx
0x0efec517:  89 c3                    movl     %eax, %ebx
0x0efec519:  0f b7 00                 movzwl   (%eax), %eax
0x0efec51c:  ba 04 00 00 00           movl     $4, %edx
0x0efec521:  e8 1d e0 0f f1           calll    0xea543

----------------
IN: 
0x0efec526:  f7 d0                    notl     %eax
0x0efec528:  a8 03                    testb    $3, %al
0x0efec52a:  74 15                    je       0xefec541

----------------
IN: 
0x0efec541:  8b 5b 0c                 movl     0xc(%ebx), %ebx
0x0efec544:  85 db                    testl    %ebx, %ebx
0x0efec546:  75 e8                    jne      0xefec530

----------------
IN: 
0x0efec548:  b8 01 00 00 00           movl     $1, %eax
0x0efec54d:  5b                       popl     %ebx
0x0efec54e:  c3                       retl     

----------------
IN: 
0x0eff7bad:  53                       pushl    %ebx
0x0eff7bae:  68 e7 2c 0f 00           pushl    $0xf2ce7
0x0eff7bb3:  e8 6a 53 0f f1           calll    0xecf22

----------------
IN: 
0x0eff7bb8:  5b                       popl     %ebx
0x0eff7bb9:  5e                       popl     %esi
0x0eff7bba:  eb 7b                    jmp      0xeff7c37

----------------
IN: 
0x0eff7c37:  ba 13 71 00 00           movl     $0x7113, %edx
0x0eff7c3c:  b8 86 80 00 00           movl     $0x8086, %eax
0x0eff7c41:  e8 93 4a ff ff           calll    0xefec6d9

----------------
IN: 
0x0efec6d9:  89 c1                    movl     %eax, %ecx
0x0efec6db:  a1 f8 fd ff 0e           movl     0xefffdf8, %eax
0x0efec6e0:  83 e8 04                 subl     $4, %eax
0x0efec6e3:  83 f8 fc                 cmpl     $-4, %eax
0x0efec6e6:  74 11                    je       0xefec6f9

----------------
IN: 
0x0efec6e8:  66 39 48 10              cmpw     %cx, 0x10(%eax)
0x0efec6ec:  75 06                    jne      0xefec6f4

----------------
IN: 
0x0efec6ee:  66 39 50 12              cmpw     %dx, 0x12(%eax)
0x0efec6f2:  74 07                    je       0xefec6fb

----------------
IN: 
0x0efec6f4:  8b 40 04                 movl     4(%eax), %eax
0x0efec6f7:  eb e7                    jmp      0xefec6e0

----------------
IN: 
0x0efec6e0:  83 e8 04                 subl     $4, %eax
0x0efec6e3:  83 f8 fc                 cmpl     $-4, %eax
0x0efec6e6:  74 11                    je       0xefec6f9

----------------
IN: 
0x0efec6fb:  c3                       retl     

----------------
IN: 
0x0eff7c46:  89 c3                    movl     %eax, %ebx
0x0eff7c48:  ba 37 12 00 00           movl     $0x1237, %edx
0x0eff7c4d:  b8 86 80 00 00           movl     $0x8086, %eax
0x0eff7c52:  e8 82 4a ff ff           calll    0xefec6d9

----------------
IN: 
0x0eff7c57:  85 db                    testl    %ebx, %ebx
0x0eff7c59:  74 04                    je       0xeff7c5f

----------------
IN: 
0x0eff7c5b:  85 c0                    testl    %eax, %eax
0x0eff7c5d:  75 28                    jne      0xeff7c87

----------------
IN: 
0x0eff7c87:  0f b7 13                 movzwl   (%ebx), %edx
0x0eff7c8a:  89 15 24 4a 0f 00        movl     %edx, 0xf4a24
0x0eff7c90:  0f b7 00                 movzwl   (%eax), %eax
0x0eff7c93:  a3 20 4a 0f 00           movl     %eax, 0xf4a20
0x0eff7c98:  e8 e7 42 0f f1           calll    0xebf84

----------------
IN: 
0x000ebf84:  55                       pushl    %ebp
0x000ebf85:  57                       pushl    %edi
0x000ebf86:  56                       pushl    %esi
0x000ebf87:  53                       pushl    %ebx
0x000ebf88:  8b 35 24 4a 0f 00        movl     0xf4a24, %esi
0x000ebf8e:  85 f6                    testl    %esi, %esi
0x000ebf90:  0f 88 e7 00 00 00        js       0xec07d

----------------
IN: 
0x000ebf96:  0f b7 f6                 movzwl   %si, %esi
0x000ebf99:  ba 02 00 00 00           movl     $2, %edx
0x000ebf9e:  89 f0                    movl     %esi, %eax
0x000ebfa0:  e8 9e e5 ff ff           calll    0xea543

----------------
IN: 
0x000ebfa5:  8b 1d 20 4a 0f 00        movl     0xf4a20, %ebx
0x000ebfab:  66 3d 13 71              cmpw     $0x7113, %ax
0x000ebfaf:  75 62                    jne      0xec013

----------------
IN: 
0x000ebfb1:  ba 58 00 00 00           movl     $0x58, %edx
0x000ebfb6:  89 f0                    movl     %esi, %eax
0x000ebfb8:  e8 52 e5 ff ff           calll    0xea50f

----------------
IN: 
0x000ebfbd:  89 c7                    movl     %eax, %edi
0x000ebfbf:  0f ba e0 19              btl      $0x19, %eax
0x000ebfc3:  0f 82 b4 00 00 00        jb       0xec07d

----------------
IN: 
0x000ebfc9:  b9 4a 00 00 00           movl     $0x4a, %ecx
0x000ebfce:  ba 72 00 00 00           movl     $0x72, %edx
0x000ebfd3:  0f b7 c3                 movzwl   %bx, %eax
0x000ebfd6:  e8 f3 e4 ff ff           calll    0xea4ce

----------------
IN: 
0x000ebfdb:  e8 54 ff ff ff           calll    0xebf34

----------------
IN: 
0x000ebf34:  57                       pushl    %edi
0x000ebf35:  56                       pushl    %esi
0x000ebf36:  b8 00 fe 0a 00           movl     $0xafe00, %eax
0x000ebf3b:  be 00 fe 03 00           movl     $0x3fe00, %esi
0x000ebf40:  b9 80 00 00 00           movl     $0x80, %ecx
0x000ebf45:  89 c7                    movl     %eax, %edi
0x000ebf47:  f3 a5                    rep movsl (%esi), %es:(%edi)

----------------
IN: 
0x000ebf49:  b8 00 80 0a 00           movl     $0xa8000, %eax
0x000ebf4e:  ba 00 80 03 00           movl     $0x38000, %edx
0x000ebf53:  8b 0a                    movl     (%edx), %ecx
0x000ebf55:  89 08                    movl     %ecx, (%eax)
0x000ebf57:  8b 52 04                 movl     4(%edx), %edx
0x000ebf5a:  89 50 04                 movl     %edx, 4(%eax)
0x000ebf5d:  b8 6e d0 00 00           movl     $0xd06e, %eax
0x000ebf62:  31 d2                    xorl     %edx, %edx
0x000ebf64:  0f a4 c2 18              shldl    $0x18, %eax, %edx
0x000ebf68:  c1 e0 18                 shll     $0x18, %eax
0x000ebf6b:  0d 8c c8 ea 00           orl      $0xeac88c, %eax
0x000ebf70:  81 ca 00 00 f0 00        orl      $0xf00000, %edx
0x000ebf76:  a3 00 80 03 00           movl     %eax, 0x38000
0x000ebf7b:  89 15 04 80 03 00        movl     %edx, 0x38004
0x000ebf81:  5e                       popl     %esi
0x000ebf82:  5f                       popl     %edi
0x000ebf83:  c3                       retl     

----------------
IN: 
0x000ebfe0:  81 cf 00 00 00 02        orl      $0x2000000, %edi
0x000ebfe6:  89 f9                    movl     %edi, %ecx
0x000ebfe8:  ba 58 00 00 00           movl     $0x58, %edx
0x000ebfed:  89 f0                    movl     %esi, %eax
0x000ebfef:  e8 5e e4 ff ff           calll    0xea452

----------------
IN: 
0x000ebff4:  66 a1 3c 4a 0f 00        movw     0xf4a3c, %ax
0x000ebffa:  8d 50 28                 leal     0x28(%eax), %edx
0x000ebffd:  ed                       inl      %dx, %eax

----------------
IN: 
0x000ebffe:  83 c8 01                 orl      $1, %eax

----------------
IN: 
0x000ec001:  ef                       outl     %eax, %dx

----------------
IN: 
0x000ec002:  e8 cd fe ff ff           calll    0xebed4

----------------
IN: 
0x000ebed4:  57                       pushl    %edi
0x000ebed5:  56                       pushl    %esi
0x000ebed6:  b0 01                    movb     $1, %al
0x000ebed8:  e6 b3                    outb     %al, $0xb3

----------------
IN: 
0x000ebeda:  31 c0                    xorl     %eax, %eax
0x000ebedc:  e6 b2                    outb     %al, $0xb2

----------------
IN: 
0x00038000:  8c c8                    movw     %cs, %ax
0x00038002:  ea 6e d0 00 f0           ljmpw    $0xf000:$0xd06e

----------------
IN: 
0x000fd06e:  66 ba 77 d0 0f 00        movl     $0xfd077, %edx
0x000fd074:  e9 d1 fe                 jmp      0xfcf48

----------------
IN: 
0x000fcf48:  2e 0f 01 1e 58 62        lidtw    %cs:0x6258
0x000fcf4e:  2e 0f 01 16 18 62        lgdtw    %cs:0x6218
0x000fcf54:  0f 20 c1                 movl     %cr0, %ecx
0x000fcf57:  66 81 e1 ff ff ff 1f     andl     $0x1fffffff, %ecx
0x000fcf5e:  66 83 c9 01              orl      $1, %ecx
0x000fcf62:  0f 22 c1                 movl     %ecx, %cr0

----------------
IN: 
0x000fcf65:  66 ea 6d cf 0f 00 08 00  ljmpl    $0x8:$0xfcf6d

----------------
IN: 
0x000fcf6d:  b9 10 00 00 00           movl     $0x10, %ecx
0x000fcf72:  8e d9                    movl     %ecx, %ds

----------------
IN: 
0x000fcf74:  8e c1                    movl     %ecx, %es

----------------
IN: 
0x000fcf76:  8e d1                    movl     %ecx, %ss

----------------
IN: 
0x000fcf78:  8e e1                    movl     %ecx, %fs

----------------
IN: 
0x000fcf7a:  8e e9                    movl     %ecx, %gs
0x000fcf7c:  ff e2                    jmpl     *%edx

----------------
IN: 
0x000fd077:  bc 00 80 0a 00           movl     $0xa8000, %esp
0x000fd07c:  e8 43 3b ff ff           calll    0xf0bc4

----------------
IN: 
0x000f0bc4:  55                       pushl    %ebp
0x000f0bc5:  89 e5                    movl     %esp, %ebp
0x000f0bc7:  57                       pushl    %edi
0x000f0bc8:  56                       pushl    %esi
0x000f0bc9:  53                       pushl    %ebx
0x000f0bca:  83 e4 f8                 andl     $0xfffffff8, %esp
0x000f0bcd:  83 ec 48                 subl     $0x48, %esp
0x000f0bd0:  0f b7 d0                 movzwl   %ax, %edx
0x000f0bd3:  e4 b2                    inb      $0xb2, %al

----------------
IN: 
0x000f0bd5:  c1 e2 04                 shll     $4, %edx
0x000f0bd8:  89 d3                    movl     %edx, %ebx
0x000f0bda:  8b 92 fc fe 00 00        movl     0xfefc(%edx), %edx
0x000f0be0:  81 e2 ff ff 02 00        andl     $0x2ffff, %edx
0x000f0be6:  81 fb 00 00 03 00        cmpl     $0x30000, %ebx
0x000f0bec:  75 77                    jne      0xf0c65

----------------
IN: 
0x000f0bee:  81 fa 00 00 02 00        cmpl     $0x20000, %edx
0x000f0bf4:  75 0c                    jne      0xf0c02

----------------
IN: 
0x000f0c02:  81 fa 64 00 02 00        cmpl     $0x20064, %edx
0x000f0c08:  75 0c                    jne      0xf0c16

----------------
IN: 
0x000f0c0a:  c7 05 00 ff 03 00 00 00  movl     $0xa0000, 0x3ff00
0x000f0c12:  0a 00
0x000f0c14:  eb 16                    jmp      0xf0c2c

----------------
IN: 
0x000f0c2c:  31 c0                    xorl     %eax, %eax
0x000f0c2e:  e6 b3                    outb     %al, $0xb3

----------------
IN: 
0x000f0c30:  b8 00 00 0a 00           movl     $0xa0000, %eax
0x000f0c35:  be 00 fe 03 00           movl     $0x3fe00, %esi
0x000f0c3a:  b9 80 00 00 00           movl     $0x80, %ecx
0x000f0c3f:  89 c7                    movl     %eax, %edi
0x000f0c41:  f3 a5                    rep movsl (%esi), %es:(%edi)

----------------
IN: 
0x000f0c43:  b8 00 02 0a 00           movl     $0xa0200, %eax
0x000f0c48:  be 00 fe 03 00           movl     $0x3fe00, %esi
0x000f0c4d:  b9 80 00 00 00           movl     $0x80, %ecx
0x000f0c52:  89 c7                    movl     %eax, %edi
0x000f0c54:  f3 a5                    rep movsl (%esi), %es:(%edi)

----------------
IN: 
0x000f0c56:  c7 05 14 62 0f 00 01 00  movl     $1, 0xf6214
0x000f0c5e:  00 00
0x000f0c60:  e9 ab 01 00 00           jmp      0xf0e10

----------------
IN: 
0x000f0e10:  8d 65 f4                 leal     -0xc(%ebp), %esp
0x000f0e13:  5b                       popl     %ebx
0x000f0e14:  5e                       popl     %esi
0x000f0e15:  5f                       popl     %edi
0x000f0e16:  5d                       popl     %ebp
0x000f0e17:  c3                       retl     

----------------
IN: 
0x000fd081:  0f aa                    rsm      

----------------
IN: 
0x000ebede:  e4 b3                    inb      $0xb3, %al

----------------
IN: 
0x000ebee0:  84 c0                    testb    %al, %al
0x000ebee2:  75 fa                    jne      0xebede

----------------
IN: 
0x000ebee4:  b8 00 fe 03 00           movl     $0x3fe00, %eax
0x000ebee9:  be 00 fe 0a 00           movl     $0xafe00, %esi
0x000ebeee:  b9 80 00 00 00           movl     $0x80, %ecx
0x000ebef3:  89 c7                    movl     %eax, %edi
0x000ebef5:  f3 a5                    rep movsl (%esi), %es:(%edi)

----------------
IN: 
0x000ebef7:  b8 00 80 03 00           movl     $0x38000, %eax
0x000ebefc:  ba 00 80 0a 00           movl     $0xa8000, %edx
0x000ebf01:  8b 0a                    movl     (%edx), %ecx
0x000ebf03:  89 08                    movl     %ecx, (%eax)
0x000ebf05:  8b 52 04                 movl     4(%edx), %edx
0x000ebf08:  89 50 04                 movl     %edx, 4(%eax)
0x000ebf0b:  b8 6e d0 00 00           movl     $0xd06e, %eax
0x000ebf10:  31 d2                    xorl     %edx, %edx
0x000ebf12:  0f a4 c2 18              shldl    $0x18, %eax, %edx
0x000ebf16:  c1 e0 18                 shll     $0x18, %eax
0x000ebf19:  0d 8c c8 ea 00           orl      $0xeac88c, %eax
0x000ebf1e:  81 ca 00 00 f0 00        orl      $0xf00000, %edx
0x000ebf24:  a3 00 80 0a 00           movl     %eax, 0xa8000
0x000ebf29:  89 15 04 80 0a 00        movl     %edx, 0xa8004
0x000ebf2f:  0f 09                    wbinvd   
0x000ebf31:  5e                       popl     %esi
0x000ebf32:  5f                       popl     %edi
0x000ebf33:  c3                       retl     

----------------
IN: 
0x000ec007:  b9 0a 00 00 00           movl     $0xa, %ecx
0x000ec00c:  ba 72 00 00 00           movl     $0x72, %edx
0x000ec011:  eb 5e                    jmp      0xec071

----------------
IN: 
0x000ec071:  0f b7 c3                 movzwl   %bx, %eax
0x000ec074:  5b                       popl     %ebx
0x000ec075:  5e                       popl     %esi
0x000ec076:  5f                       popl     %edi
0x000ec077:  5d                       popl     %ebp
0x000ec078:  e9 51 e4 ff ff           jmp      0xea4ce

----------------
IN: 
0x0eff7c9d:  8d 54 24 44              leal     0x44(%esp), %edx
0x0eff7ca1:  8d 44 24 5c              leal     0x5c(%esp), %eax
0x0eff7ca5:  50                       pushl    %eax
0x0eff7ca6:  8d 44 24 50              leal     0x50(%esp), %eax
0x0eff7caa:  50                       pushl    %eax
0x0eff7cab:  8d 4c 24 50              leal     0x50(%esp), %ecx
0x0eff7caf:  b8 01 00 00 00           movl     $1, %eax
0x0eff7cb4:  e8 37 29 0f f1           calll    0xea5f0

----------------
IN: 
0x0eff7cb9:  5d                       popl     %ebp
0x0eff7cba:  58                       popl     %eax
0x0eff7cbb:  8b 44 24 5c              movl     0x5c(%esp), %eax
0x0eff7cbf:  f7 d0                    notl     %eax
0x0eff7cc1:  a9 20 10 00 00           testl    $0x1020, %eax
0x0eff7cc6:  0f 85 ce 01 00 00        jne      0xeff7e9a

----------------
IN: 
0x0eff7ccc:  b9 fe 00 00 00           movl     $0xfe, %ecx
0x0eff7cd1:  0f 32                    rdmsr    
0x0eff7cd3:  0f b6 f0                 movzbl   %al, %esi
0x0eff7cd6:  0f ba e0 08              btl      $8, %eax
0x0eff7cda:  0f 83 ba 01 00 00        jae      0xeff7e9a

----------------
IN: 
0x0eff7ce0:  85 f6                    testl    %esi, %esi
0x0eff7ce2:  0f 84 b2 01 00 00        je       0xeff7e9a

----------------
IN: 
0x0eff7ce8:  31 d2                    xorl     %edx, %edx
0x0eff7cea:  31 c9                    xorl     %ecx, %ecx
0x0eff7cec:  b8 ff 02 00 00           movl     $0x2ff, %eax
0x0eff7cf1:  e8 fa 68 ff ff           calll    0xefee5f0

----------------
IN: 
0x0efee5f0:  56                       pushl    %esi
0x0efee5f1:  53                       pushl    %ebx
0x0efee5f2:  89 c3                    movl     %eax, %ebx
0x0efee5f4:  89 d0                    movl     %edx, %eax
0x0efee5f6:  89 ca                    movl     %ecx, %edx
0x0efee5f8:  89 d9                    movl     %ebx, %ecx
0x0efee5fa:  0f 30                    wrmsr    

----------------
IN: 
0x0efee5fc:  8b 0d 68 4b 0f 00        movl     0xf4b68, %ecx
0x0efee602:  83 f9 1f                 cmpl     $0x1f, %ecx
0x0efee605:  76 11                    jbe      0xefee618

----------------
IN: 
0x0efee618:  6b f1 0c                 imull    $0xc, %ecx, %esi
0x0efee61b:  89 9e 80 4b 0f 00        movl     %ebx, 0xf4b80(%esi)
0x0efee621:  89 86 84 4b 0f 00        movl     %eax, 0xf4b84(%esi)
0x0efee627:  89 96 88 4b 0f 00        movl     %edx, 0xf4b88(%esi)
0x0efee62d:  41                       incl     %ecx
0x0efee62e:  89 0d 68 4b 0f 00        movl     %ecx, 0xf4b68
0x0efee634:  5b                       popl     %ebx
0x0efee635:  5e                       popl     %esi
0x0efee636:  c3                       retl     

----------------
IN: 
0x0eff7cf6:  31 ff                    xorl     %edi, %edi
0x0eff7cf8:  89 7c 24 68              movl     %edi, 0x68(%esp)
0x0eff7cfc:  89 7c 24 6c              movl     %edi, 0x6c(%esp)
0x0eff7d00:  8b 15 28 ff ff 0e        movl     0xeffff28, %edx
0x0eff7d06:  31 c0                    xorl     %eax, %eax
0x0eff7d08:  40                       incl     %eax
0x0eff7d09:  89 c1                    movl     %eax, %ecx
0x0eff7d0b:  c1 e1 10                 shll     $0x10, %ecx
0x0eff7d0e:  39 ca                    cmpl     %ecx, %edx
0x0eff7d10:  72 05                    jb       0xeff7d17

----------------
IN: 
0x0eff7d12:  c6 44 04 67 06           movb     $6, 0x67(%esp, %eax)
0x0eff7d17:  83 f8 08                 cmpl     $8, %eax
0x0eff7d1a:  75 ec                    jne      0xeff7d08

----------------
IN: 
0x0eff7d08:  40                       incl     %eax
0x0eff7d09:  89 c1                    movl     %eax, %ecx
0x0eff7d0b:  c1 e1 10                 shll     $0x10, %ecx
0x0eff7d0e:  39 ca                    cmpl     %ecx, %edx
0x0eff7d10:  72 05                    jb       0xeff7d17

----------------
IN: 
0x0eff7d1c:  8b 54 24 68              movl     0x68(%esp), %edx
0x0eff7d20:  8b 4c 24 6c              movl     0x6c(%esp), %ecx
0x0eff7d24:  b8 50 02 00 00           movl     $0x250, %eax
0x0eff7d29:  e8 c2 68 ff ff           calll    0xefee5f0

----------------
IN: 
0x0eff7d2e:  31 db                    xorl     %ebx, %ebx
0x0eff7d30:  89 5c 24 68              movl     %ebx, 0x68(%esp)
0x0eff7d34:  89 5c 24 6c              movl     %ebx, 0x6c(%esp)
0x0eff7d38:  8b 0d 28 ff ff 0e        movl     0xeffff28, %ecx
0x0eff7d3e:  8d 54 24 68              leal     0x68(%esp), %edx
0x0eff7d42:  b8 00 40 08 00           movl     $0x84000, %eax
0x0eff7d47:  39 c1                    cmpl     %eax, %ecx
0x0eff7d49:  72 03                    jb       0xeff7d4e

----------------
IN: 
0x0eff7d4b:  c6 02 06                 movb     $6, (%edx)
0x0eff7d4e:  05 00 40 00 00           addl     $0x4000, %eax
0x0eff7d53:  42                       incl     %edx
0x0eff7d54:  3d 00 40 0a 00           cmpl     $0xa4000, %eax
0x0eff7d59:  75 ec                    jne      0xeff7d47

----------------
IN: 
0x0eff7d47:  39 c1                    cmpl     %eax, %ecx
0x0eff7d49:  72 03                    jb       0xeff7d4e

----------------
IN: 
0x0eff7d5b:  8b 54 24 68              movl     0x68(%esp), %edx
0x0eff7d5f:  8b 4c 24 6c              movl     0x6c(%esp), %ecx
0x0eff7d63:  b8 58 02 00 00           movl     $0x258, %eax
0x0eff7d68:  e8 83 68 ff ff           calll    0xefee5f0

----------------
IN: 
0x0eff7d6d:  31 d2                    xorl     %edx, %edx
0x0eff7d6f:  31 c9                    xorl     %ecx, %ecx
0x0eff7d71:  b8 59 02 00 00           movl     $0x259, %eax
0x0eff7d76:  e8 75 68 ff ff           calll    0xefee5f0

----------------
IN: 
0x0eff7d7b:  bb 68 02 00 00           movl     $0x268, %ebx
0x0eff7d80:  31 c9                    xorl     %ecx, %ecx
0x0eff7d82:  89 4c 24 68              movl     %ecx, 0x68(%esp)
0x0eff7d86:  89 4c 24 6c              movl     %ecx, 0x6c(%esp)
0x0eff7d8a:  8b 0d 28 ff ff 0e        movl     0xeffff28, %ecx
0x0eff7d90:  89 d8                    movl     %ebx, %eax
0x0eff7d92:  c1 e0 0f                 shll     $0xf, %eax
0x0eff7d95:  2d 00 f0 27 01           subl     $0x127f000, %eax
0x0eff7d9a:  31 d2                    xorl     %edx, %edx
0x0eff7d9c:  42                       incl     %edx
0x0eff7d9d:  39 c1                    cmpl     %eax, %ecx
0x0eff7d9f:  72 05                    jb       0xeff7da6

----------------
IN: 
0x0eff7da1:  c6 44 14 67 05           movb     $5, 0x67(%esp, %edx)
0x0eff7da6:  05 00 10 00 00           addl     $0x1000, %eax
0x0eff7dab:  83 fa 08                 cmpl     $8, %edx
0x0eff7dae:  75 ec                    jne      0xeff7d9c

----------------
IN: 
0x0eff7d9c:  42                       incl     %edx
0x0eff7d9d:  39 c1                    cmpl     %eax, %ecx
0x0eff7d9f:  72 05                    jb       0xeff7da6

----------------
IN: 
0x0eff7db0:  8b 54 24 68              movl     0x68(%esp), %edx
0x0eff7db4:  8b 4c 24 6c              movl     0x6c(%esp), %ecx
0x0eff7db8:  89 d8                    movl     %ebx, %eax
0x0eff7dba:  e8 31 68 ff ff           calll    0xefee5f0

----------------
IN: 
0x0eff7dbf:  43                       incl     %ebx
0x0eff7dc0:  81 fb 70 02 00 00        cmpl     $0x270, %ebx
0x0eff7dc6:  75 b8                    jne      0xeff7d80

----------------
IN: 
0x0eff7d80:  31 c9                    xorl     %ecx, %ecx
0x0eff7d82:  89 4c 24 68              movl     %ecx, 0x68(%esp)
0x0eff7d86:  89 4c 24 6c              movl     %ecx, 0x6c(%esp)
0x0eff7d8a:  8b 0d 28 ff ff 0e        movl     0xeffff28, %ecx
0x0eff7d90:  89 d8                    movl     %ebx, %eax
0x0eff7d92:  c1 e0 0f                 shll     $0xf, %eax
0x0eff7d95:  2d 00 f0 27 01           subl     $0x127f000, %eax
0x0eff7d9a:  31 d2                    xorl     %edx, %edx
0x0eff7d9c:  42                       incl     %edx
0x0eff7d9d:  39 c1                    cmpl     %eax, %ecx
0x0eff7d9f:  72 05                    jb       0xeff7da6

----------------
IN: 
0x0eff7dc8:  8d 6c 24 54              leal     0x54(%esp), %ebp
0x0eff7dcc:  55                       pushl    %ebp
0x0eff7dcd:  8d 7c 24 50              leal     0x50(%esp), %edi
0x0eff7dd1:  57                       pushl    %edi
0x0eff7dd2:  8d 4c 24 50              leal     0x50(%esp), %ecx
0x0eff7dd6:  8d 54 24 4c              leal     0x4c(%esp), %edx
0x0eff7dda:  b8 00 00 00 80           movl     $0x80000000, %eax
0x0eff7ddf:  e8 0c 28 0f f1           calll    0xea5f0

----------------
IN: 
0x0eff7de4:  58                       popl     %eax
0x0eff7de5:  5a                       popl     %edx
0x0eff7de6:  bb 24 00 00 00           movl     $0x24, %ebx
0x0eff7deb:  81 7c 24 44 07 00 00 80  cmpl     $0x80000007, 0x44(%esp)
0x0eff7df3:  76 1b                    jbe      0xeff7e10

----------------
IN: 
0x0eff7df5:  55                       pushl    %ebp
0x0eff7df6:  57                       pushl    %edi
0x0eff7df7:  8d 4c 24 50              leal     0x50(%esp), %ecx
0x0eff7dfb:  8d 54 24 4c              leal     0x4c(%esp), %edx
0x0eff7dff:  b8 08 00 00 80           movl     $0x80000008, %eax
0x0eff7e04:  e8 e7 27 0f f1           calll    0xea5f0

----------------
IN: 
0x0eff7e09:  0f b6 5c 24 4c           movzbl   0x4c(%esp), %ebx
0x0eff7e0e:  59                       popl     %ecx
0x0eff7e0f:  5f                       popl     %edi
0x0eff7e10:  31 ff                    xorl     %edi, %edi
0x0eff7e12:  8d 84 3f 00 02 00 00     leal     0x200(%edi, %edi), %eax
0x0eff7e19:  31 d2                    xorl     %edx, %edx
0x0eff7e1b:  31 c9                    xorl     %ecx, %ecx
0x0eff7e1d:  e8 ce 67 ff ff           calll    0xefee5f0

----------------
IN: 
0x0eff7e22:  8d 84 3f 01 02 00 00     leal     0x201(%edi, %edi), %eax
0x0eff7e29:  31 d2                    xorl     %edx, %edx
0x0eff7e2b:  31 c9                    xorl     %ecx, %ecx
0x0eff7e2d:  e8 be 67 ff ff           calll    0xefee5f0

----------------
IN: 
0x0eff7e32:  47                       incl     %edi
0x0eff7e33:  39 fe                    cmpl     %edi, %esi
0x0eff7e35:  7f db                    jg       0xeff7e12

----------------
IN: 
0x0eff7e12:  8d 84 3f 00 02 00 00     leal     0x200(%edi, %edi), %eax
0x0eff7e19:  31 d2                    xorl     %edx, %edx
0x0eff7e1b:  31 c9                    xorl     %ecx, %ecx
0x0eff7e1d:  e8 ce 67 ff ff           calll    0xefee5f0

----------------
IN: 
0x0eff7e37:  8b 15 d0 fd ff 0e        movl     0xefffdd0, %edx
0x0eff7e3d:  8b 0d d4 fd ff 0e        movl     0xefffdd4, %ecx
0x0eff7e43:  b8 00 02 00 00           movl     $0x200, %eax
0x0eff7e48:  e8 a3 67 ff ff           calll    0xefee5f0

----------------
IN: 
0x0eff7e4d:  a1 d0 fd ff 0e           movl     0xefffdd0, %eax
0x0eff7e52:  8b 15 d4 fd ff 0e        movl     0xefffdd4, %edx
0x0eff7e58:  4a                       decl     %edx
0x0eff7e59:  88 d9                    movb     %bl, %cl
0x0eff7e5b:  be ff ff ff ff           movl     $0xffffffff, %esi
0x0eff7e60:  89 f7                    movl     %esi, %edi
0x0eff7e62:  d3 e6                    shll     %cl, %esi
0x0eff7e64:  f6 c1 20                 testb    $0x20, %cl
0x0eff7e67:  74 04                    je       0xeff7e6d

----------------
IN: 
0x0eff7e69:  89 f7                    movl     %esi, %edi
0x0eff7e6b:  31 f6                    xorl     %esi, %esi
0x0eff7e6d:  f7 d6                    notl     %esi
0x0eff7e6f:  f7 d7                    notl     %edi
0x0eff7e71:  21 c6                    andl     %eax, %esi
0x0eff7e73:  21 d7                    andl     %edx, %edi
0x0eff7e75:  81 ce 00 08 00 00        orl      $0x800, %esi
0x0eff7e7b:  89 f2                    movl     %esi, %edx
0x0eff7e7d:  89 f9                    movl     %edi, %ecx
0x0eff7e7f:  b8 01 02 00 00           movl     $0x201, %eax
0x0eff7e84:  e8 67 67 ff ff           calll    0xefee5f0

----------------
IN: 
0x0eff7e89:  ba 06 0c 00 00           movl     $0xc06, %edx
0x0eff7e8e:  31 c9                    xorl     %ecx, %ecx
0x0eff7e90:  b8 ff 02 00 00           movl     $0x2ff, %eax
0x0eff7e95:  e8 56 67 ff ff           calll    0xefee5f0

----------------
IN: 
0x0eff7e9a:  31 d2                    xorl     %edx, %edx
0x0eff7e9c:  31 c9                    xorl     %ecx, %ecx
0x0eff7e9e:  b8 6c 2d 0f 00           movl     $0xf2d6c, %eax
0x0eff7ea3:  e8 13 63 ff ff           calll    0xefee1bb

----------------
IN: 
0x0eff7ea8:  89 d1                    movl     %edx, %ecx
0x0eff7eaa:  85 d2                    testl    %edx, %edx
0x0eff7eac:  75 04                    jne      0xeff7eb2

----------------
IN: 
0x0eff7eae:  85 c0                    testl    %eax, %eax
0x0eff7eb0:  74 0c                    je       0xeff7ebe

----------------
IN: 
0x0eff7ebe:  31 d2                    xorl     %edx, %edx
0x0eff7ec0:  31 c9                    xorl     %ecx, %ecx
0x0eff7ec2:  b8 90 1f 0f 00           movl     $0xf1f90, %eax
0x0eff7ec7:  e8 ef 62 ff ff           calll    0xefee1bb

----------------
IN: 
0x0eff7ecc:  89 c3                    movl     %eax, %ebx
0x0eff7ece:  a3 64 4b 0f 00           movl     %eax, 0xf4b64
0x0eff7ed3:  e8 29 4f 0f f1           calll    0xece01

----------------
IN: 
0x000ece01:  51                       pushl    %ecx
0x000ece02:  66 c7 44 24 02 00 00     movw     $0, 2(%esp)
0x000ece09:  83 3d 04 4d 0f 00 00     cmpl     $0, 0xf4d04
0x000ece10:  74 13                    je       0xece25

----------------
IN: 
0x000ece12:  8d 44 24 02              leal     2(%esp), %eax
0x000ece16:  b9 02 00 00 00           movl     $2, %ecx
0x000ece1b:  ba 05 00 00 00           movl     $5, %edx
0x000ece20:  e8 a8 ff ff ff           calll    0xecdcd

----------------
IN: 
0x000ece25:  b0 88                    movb     $0x88, %al
0x000ece27:  e6 70                    outb     %al, $0x70

----------------
IN: 
0x000ece29:  e4 71                    inb      $0x71, %al

----------------
IN: 
0x000ece2b:  fe c0                    incb     %al
0x000ece2d:  74 16                    je       0xece45

----------------
IN: 
0x000ece2f:  b0 df                    movb     $0xdf, %al
0x000ece31:  e6 70                    outb     %al, $0x70

----------------
IN: 
0x000ece33:  e4 71                    inb      $0x71, %al

----------------
IN: 
0x000ece35:  0f b6 c0                 movzbl   %al, %eax
0x000ece38:  40                       incl     %eax
0x000ece39:  66 39 44 24 02           cmpw     %ax, 2(%esp)
0x000ece3e:  73 05                    jae      0xece45

----------------
IN: 
0x000ece45:  66 8b 44 24 02           movw     2(%esp), %ax
0x000ece4a:  5a                       popl     %edx
0x000ece4b:  c3                       retl     

----------------
IN: 
0x0eff7ed8:  0f b7 c0                 movzwl   %ax, %eax
0x0eff7edb:  39 c3                    cmpl     %eax, %ebx
0x0eff7edd:  73 05                    jae      0xeff7ee4

----------------
IN: 
0x0eff7ee4:  e8 84 6e 0f f1           calll    0xeed6d

----------------
IN: 
0x000eed6d:  57                       pushl    %edi
0x000eed6e:  56                       pushl    %esi
0x000eed6f:  53                       pushl    %ebx
0x000eed70:  83 ec 10                 subl     $0x10, %esp
0x000eed73:  8d 4c 24 04              leal     4(%esp), %ecx
0x000eed77:  89 e2                    movl     %esp, %edx
0x000eed79:  8d 44 24 0c              leal     0xc(%esp), %eax
0x000eed7d:  50                       pushl    %eax
0x000eed7e:  8d 44 24 0c              leal     0xc(%esp), %eax
0x000eed82:  50                       pushl    %eax
0x000eed83:  b8 01 00 00 00           movl     $1, %eax
0x000eed88:  e8 63 b8 ff ff           calll    0xea5f0

----------------
IN: 
0x000eed8d:  5a                       popl     %edx
0x000eed8e:  59                       popl     %ecx
0x000eed8f:  83 3c 24 00              cmpl     $0, (%esp)
0x000eed93:  74 07                    je       0xeed9c

----------------
IN: 
0x000eed95:  f6 44 24 0d 02           testb    $2, 0xd(%esp)
0x000eed9a:  75 1a                    jne      0xeedb6

----------------
IN: 
0x000eedb6:  c7 05 60 4b 0f 00 01 00  movl     $1, 0xf4b60
0x000eedbe:  00 00
0x000eedc0:  8b 35 00 00 01 00        movl     0x10000, %esi
0x000eedc6:  8b 3d 04 00 01 00        movl     0x10004, %edi
0x000eedcc:  b8 83 d0 00 00           movl     $0xd083, %eax
0x000eedd1:  c1 e0 08                 shll     $8, %eax
0x000eedd4:  31 d2                    xorl     %edx, %edx
0x000eedd6:  0c ea                    orb      $0xea, %al
0x000eedd8:  80 ca f0                 orb      $0xf0, %dl
0x000eeddb:  a3 00 00 01 00           movl     %eax, 0x10000
0x000eede0:  89 15 04 00 01 00        movl     %edx, 0x10004
0x000eede6:  a1 f0 00 e0 fe           movl     0xfee000f0, %eax
0x000eedeb:  80 cc 01                 orb      $1, %ah
0x000eedee:  a3 f0 00 e0 fe           movl     %eax, 0xfee000f0
0x000eedf3:  c7 05 50 03 e0 fe 00 87  movl     $0x8700, 0xfee00350
0x000eedfb:  00 00
0x000eedfd:  c7 05 60 03 e0 fe 00 84  movl     $0x8400, 0xfee00360
0x000eee05:  00 00
0x000eee07:  c7 05 28 4b 0f 00 01 00  movl     $1, 0xf4b28
0x000eee0f:  00 00
0x000eee11:  c7 05 00 03 e0 fe 00 45  movl     $0xc4500, 0xfee00300
0x000eee19:  0c 00
0x000eee1b:  c7 05 00 03 e0 fe 10 46  movl     $0xc4610, 0xfee00300
0x000eee23:  0c 00
0x000eee25:  e8 be b9 ff ff           calll    0xea7e8

